datetime,open,high,low,close
2026-01-01 03:00:00,4336.79504,4339.0415,4309.62961,4311.26879
2026-01-01 07:00:00,4311.23326,4326.44321,4304.69385,4315.11299
2026-01-01 11:00:00,4315.09344,4315.28306,4315.02976,4315.06024
2026-01-01 15:00:00,4315.08957,4315.28307,4314.93394,4315.07818
2026-01-01 19:00:00,4315.09366,4315.28307,4315.03148,4315.1375
2026-01-01 23:00:00,4315.08957,4315.28308,4315.031,4315.18436
2026-01-02 03:00:00,4315.08957,4316.6264,4314.86277,4315.16528
2026-01-02 07:00:00,4315.0866,4351.67314,4312.99577,4349.52173
2026-01-02 11:00:00,4349.63592,4376.202,4341.36529,4374.80965
2026-01-02 15:00:00,4374.92737,4383.51979,4371.0976,4383.11653
2026-01-02 19:00:00,4383.16958,4399.5895,4380.91719,4392.52596
2026-01-02 23:00:00,4392.44851,4402.87822,4330.45069,4336.03755
2026-01-03 03:00:00,4335.97865,4336.02904,4310.36817,4319.3054
2026-01-03 07:00:00,4319.10312,4334.91082,4315.21198,4330.56561
2026-01-03 11:00:00,4330.49282,4330.68125,4330.43218,4330.58943
2026-01-03 15:00:00,4330.49248,4330.68124,4330.42843,4330.54761
2026-01-03 19:00:00,4330.49313,4330.68335,4330.42909,4330.47902
2026-01-03 23:00:00,4330.48907,4330.68336,4330.43095,4330.47347
2026-01-04 23:00:00,4330.49282,4330.68149,4330.43409,4330.46289
2026-01-05 03:00:00,4330.49282,4331.70186,4330.26423,4330.51407
2026-01-05 07:00:00,4330.49629,4376.85736,4329.27104,4373.04071
2026-01-05 11:00:00,4372.89232,4418.42313,4370.78191,4402.37387
2026-01-05 15:00:00,4402.7892,4425.0637,4397.82225,4421.77092
2026-01-05 19:00:00,4421.92237,4440.10956,4411.10603,4420.27949
2026-01-05 23:00:00,4420.34027,4454.41557,4397.88081,4448.51488
2026-01-06 03:00:00,4448.44156,4454.10517,4435.00358,4440.26689
2026-01-06 07:00:00,4440.19627,4459.21378,4438.79193,4441.00984
2026-01-06 11:00:00,4440.61519,4468.0174,4429.30632,4467.40919
2026-01-06 15:00:00,4467.39888,4473.43839,4451.56993,4460.02082
2026-01-06 19:00:00,4459.96051,4476.96083,4443.91133,4463.11257
2026-01-06 23:00:00,4462.91089,4488.92991,4455.0664,4475.87364
2026-01-07 03:00:00,4475.48166,4493.57837,4473.85178,4481.54678
2026-01-07 07:00:00,4481.4641,4500.4487,4481.03011,4493.25249
2026-01-07 11:00:00,4493.19976,4494.03343,4461.12241,4474.4531
2026-01-07 15:00:00,4474.23291,4474.94649,4442.58473,4461.80042
2026-01-07 19:00:00,4461.76631,4474.22481,4447.31923,4447.31923
2026-01-07 23:00:00,4447.5989,4455.87456,4425.27169,4443.04678
2026-01-08 03:00:00,4443.22508,4468.78535,4443.01802,4457.24727
2026-01-08 07:00:00,4457.36735,4464.06195,4450.2087,4463.73056
2026-01-08 11:00:00,4463.65589,4466.13399,4431.25487,4440.59412
2026-01-08 15:00:00,4440.5195,4440.60255,4415.56752,4431.5144
2026-01-08 19:00:00,4431.45613,4434.97311,4419.80427,4423.31686
2026-01-08 23:00:00,4423.58894,4454.70421,4407.90536,4451.40461
2026-01-09 03:00:00,4451.062,4464.25821,4445.09004,4451.55911
2026-01-09 07:00:00,4451.60002,4483.72578,4451.56766,4475.42944
2026-01-09 11:00:00,4475.4063,4476.49597,4454.05918,4465.00507
2026-01-09 15:00:00,4464.98334,4476.094,4458.99758,4470.3062
2026-01-09 19:00:00,4470.23819,4477.4769,4464.66724,4475.92804
2026-01-09 23:00:00,4475.80119,4515.83105,4462.97996,4511.49501
2026-01-10 03:00:00,4511.69845,4514.20875,4483.06142,4499.75264
2026-01-10 07:00:00,4499.90988,4511.053,4497.61855,4509.79
2026-01-10 11:00:00,4509.81268,4510.00705,4509.74743,4509.78257
2026-01-10 15:00:00,4509.80821,4510.00901,4509.74592,4509.84246
2026-01-10 19:00:00,4509.81064,4510.00787,4509.74537,4509.9025
2026-01-10 23:00:00,4509.81048,4510.01116,4509.73316,4509.90734
2026-01-11 03:00:00,4509.81471,4510.01116,4509.75351,4509.84807
2026-01-11 07:00:00,4509.81471,4510.01591,4509.75148,4509.78717
2026-01-11 11:00:00,4509.81268,4510.00913,4509.75148,4509.78917
2026-01-11 15:00:00,4509.81268,4510.00913,4509.75148,4509.84985
2026-01-11 19:00:00,4509.81268,4510.00914,4509.75149,4509.9071
2026-01-11 23:00:00,4509.81268,4510.00914,4509.75149,4509.90232
2026-01-12 03:00:00,4509.81268,4510.04601,4509.71232,4509.83173
2026-01-12 07:00:00,4509.80434,4543.82187,4509.22139,4539.60612
2026-01-12 11:00:00,4539.55623,4599.1113,4538.13307,4570.76147
2026-01-12 15:00:00,4570.69422,4589.33155,4563.03017,4588.62366
2026-01-12 19:00:00,4588.1588,4600.50466,4579.32168,4583.62234
2026-01-12 23:00:00,4583.41223,4627.03456,4578.45832,4621.94611
2026-01-13 03:00:00,4621.88023,4631.59455,4600.17114,4611.33102
2026-01-13 07:00:00,4611.36907,4611.4226,4579.51186,4597.86865
2026-01-13 11:00:00,4597.8441,4598.50461,4575.67327,4593.96495
2026-01-13 15:00:00,4593.80645,4601.2469,4574.39161,4581.83141
2026-01-13 19:00:00,4581.75423,4595.90679,4580.67109,4588.271
2026-01-13 23:00:00,4588.28715,4632.91936,4579.01754,4619.57623
2026-01-14 03:00:00,4619.50673,4619.98414,4580.44554,4597.7796
2026-01-14 07:00:00,4597.55208,4598.98327,4571.4012,4597.42364
2026-01-14 11:00:00,4597.50371,4631.57109,4597.43426,4628.78429
2026-01-14 15:00:00,4628.76165,4640.63347,4621.00045,4633.16171
2026-01-14 19:00:00,4633.01843,4639.01586,4623.34092,4629.42976
2026-01-14 23:00:00,4629.80922,4639.38287,4602.63168,4617.84888
2026-01-15 03:00:00,4617.82918,4641.32613,4603.18714,4639.42556
2026-01-15 07:00:00,4639.51866,4641.81025,4605.43514,4615.36146
2026-01-15 11:00:00,4615.41015,4618.0348,4583.55618,4592.32058
2026-01-15 15:00:00,4592.34412,4614.39904,4581.64955,4601.78438
2026-01-15 19:00:00,4601.61312,4622.32143,4598.78737,4619.17249
2026-01-15 23:00:00,4619.24646,4620.35641,4584.67593,4615.68546
2026-01-16 03:00:00,4615.68066,4623.85265,4602.58275,4615.51073
2026-01-16 07:00:00,4615.42757,4620.04425,4599.26038,4610.18987
2026-01-16 11:00:00,4610.10755,4610.84419,4590.48532,4596.64022
2026-01-16 15:00:00,4596.59473,4615.14936,4594.24971,4608.22345
2026-01-16 19:00:00,4607.97438,4615.75964,4598.76454,4612.82481
2026-01-16 23:00:00,4612.74575,4620.35762,4533.25987,4571.87435
2026-01-17 03:00:00,4571.71865,4597.49552,4571.71865,4590.58565
2026-01-17 07:00:00,4590.53336,4597.8108,4579.84926,4595.35042
2026-01-17 11:00:00,4595.26053,4595.46743,4595.19255,4595.35845
2026-01-17 15:00:00,4595.25967,4595.46744,4595.19294,4595.30177
2026-01-17 19:00:00,4595.26008,4595.48225,4595.19287,4595.2538
2026-01-17 23:00:00,4595.27583,4595.4819,4595.21075,4595.2521
2026-01-18 03:00:00,4595.27991,4595.48014,4595.21767,4595.30975
2026-01-18 07:00:00,4595.27991,4595.48014,4595.21131,4595.36604
2026-01-18 11:00:00,4595.27358,4595.47381,4595.21131,4595.36887
2026-01-18 15:00:00,4595.27358,4595.47381,4595.21132,4595.30944
2026-01-18 19:00:00,4595.27358,4595.47381,4595.21133,4595.24858
2026-01-18 23:00:00,4595.27358,4595.47381,4595.21133,4595.24858
2026-01-19 03:00:00,4595.27358,4595.67224,4595.07714,4595.28796
2026-01-19 07:00:00,4595.25035,4686.1434,4588.36075,4673.97671
2026-01-19 11:00:00,4673.6838,4682.37822,4654.35475,4658.84722
2026-01-19 15:00:00,4658.78566,4678.69919,4658.74172,4665.45579
2026-01-19 19:00:00,4665.36889,4673.88271,4659.94839,4662.30565
2026-01-19 23:00:00,4662.54141,4676.41937,4659.69519,4675.20068
2026-01-20 03:00:00,4675.10795,4680.90495,4668.18044,4670.82045
2026-01-20 07:00:00,4670.79201,4678.06613,4664.81457,4666.00155
2026-01-20 11:00:00,4665.93253,4682.13245,4660.31632,4680.37885
2026-01-20 15:00:00,4680.47109,4721.80243,4680.10204,4715.61787
2026-01-20 19:00:00,4715.48201,4737.01288,4714.93162,4732.31131
2026-01-20 23:00:00,4732.19687,4749.88029,4715.64562,4735.97456
2026-01-21 03:00:00,4735.91726,4767.45217,4729.10885,4760.79846
2026-01-21 07:00:00,4760.69265,4779.5704,4747.79286,4776.21189
2026-01-21 11:00:00,4776.08355,4847.6715,4771.00542,4845.05651
2026-01-21 15:00:00,4845.04038,4885.77139,4831.05262,4855.44592
2026-01-21 19:00:00,4855.33843,4876.12195,4853.0167,4865.12302
2026-01-21 23:00:00,4865.15569,4880.1355,4819.83543,4850.1838
2026-01-22 03:00:00,4849.89978,4853.65774,4759.61082,4780.28158
2026-01-22 07:00:00,4780.26923,4840.2529,4775.0818,4780.9494
2026-01-22 11:00:00,4780.61764,4807.90878,4775.24505,4796.12036
2026-01-22 15:00:00,4795.93352,4837.92825,4793.64429,4833.94215
2026-01-22 19:00:00,4833.58747,4837.02706,4815.16206,4832.39065
2026-01-22 23:00:00,4832.49187,4872.83234,4809.25849,4869.58509
2026-01-23 03:00:00,4870.01339,4923.18891,4868.58218,4911.86931
2026-01-23 07:00:00,4911.87195,4959.5326,4911.87195,4958.22997
2026-01-23 11:00:00,4958.12665,4964.98556,4939.35647,4952.25927
2026-01-23 15:00:00,4952.23596,4967.57375,4944.17205,4945.19236
2026-01-23 19:00:00,4945.22884,4947.53921,4902.18615,4923.05946
2026-01-23 23:00:00,4922.67972,4963.64596,4921.31441,4959.14469
2026-01-24 03:00:00,4959.09924,4990.21326,4958.60674,4984.67331
2026-01-24 07:00:00,4984.87402,4986.59233,4972.26855,4982.40009
2026-01-24 11:00:00,4982.41442,4982.63423,4982.33976,4982.37716
2026-01-24 15:00:00,4982.41116,4982.63376,4982.33704,4982.42877
2026-01-24 19:00:00,4982.40922,4982.63413,4982.33218,4982.49587
2026-01-24 23:00:00,4982.40454,4982.64402,4982.34468,4982.53618
2026-01-25 03:00:00,4982.42698,4982.64401,4982.35937,4982.4814
2026-01-25 07:00:00,4982.42698,4982.64401,4982.35937,4982.40917
2026-01-25 11:00:00,4982.42698,4982.644,4982.35937,4982.39342
2026-01-25 15:00:00,4982.42698,4982.644,4982.35936,4982.45026
2026-01-25 19:00:00,4982.42698,4982.64399,4982.35936,4982.52152
2026-01-25 23:00:00,4982.42698,4982.64399,4982.35936,4982.53427
2026-01-26 03:00:00,4982.42698,4984.37168,4981.87684,4982.45467
2026-01-26 07:00:00,4982.40644,5039.18582,4979.13611,5039.16362
2026-01-26 11:00:00,5039.11443,5091.62984,5030.10014,5075.54527
2026-01-26 15:00:00,5075.6593,5108.49956,5052.61166,5089.79523
2026-01-26 19:00:00,5089.7835,5097.99316,5077.21542,5091.32139
2026-01-26 23:00:00,5091.20092,5097.7299,5056.00428,5092.40917
2026-01-27 03:00:00,5092.30835,5104.90126,5013.25524,5029.16284
2026-01-27 07:00:00,5029.23113,5061.68997,4999.05307,5046.14285
2026-01-27 11:00:00,5046.60453,5080.08706,5017.52393,5077.45369
2026-01-27 15:00:00,5077.3057,5102.59816,5058.67295,5087.91951
2026-01-27 19:00:00,5088.04553,5099.37682,5068.50613,5077.44213
2026-01-27 23:00:00,5077.51671,5092.69521,5051.13522,5085.97078
2026-01-28 03:00:00,5085.52939,5102.02246,5077.42801,5099.19537
2026-01-28 07:00:00,5099.1982,5191.00232,5098.86184,5171.86645
2026-01-28 11:00:00,5171.76974,5246.42731,5159.49412,5234.88439
2026-01-28 15:00:00,5234.83781,5291.33209,5232.88509,5290.66409
2026-01-28 19:00:00,5290.96175,5312.93213,5245.93183,5261.51413
2026-01-28 23:00:00,5261.56075,5296.31763,5249.61746,5278.91001
2026-01-29 03:00:00,5278.79385,5329.23026,5270.94374,5327.17903
2026-01-29 07:00:00,5326.98804,5589.6163,5323.99575,5518.91913
2026-01-29 11:00:00,5521.22799,5550.58673,5453.04102,5546.72951
2026-01-29 15:00:00,5546.6838,5597.22988,5521.64986,5548.48862
2026-01-29 19:00:00,5548.57289,5552.89107,5474.50772,5522.88201
2026-01-29 23:00:00,5523.07133,5547.5297,5122.5375,5185.84741
2026-01-30 03:00:00,5186.17702,5373.55647,5179.3754,5310.53137
2026-01-30 07:00:00,5308.49315,5445.19697,5286.87041,5438.94578
2026-01-30 11:00:00,5439.18263,5451.71009,5128.9908,5197.61021
2026-01-30 15:00:00,5197.23917,5240.75811,5126.99068,5179.87405
2026-01-30 19:00:00,5180.2238,5180.2238,4951.91327,5134.17214
2026-01-30 23:00:00,5133.21282,5141.49022,4984.69542,5051.45062
2026-01-31 03:00:00,5050.97179,5051.41567,4706.06585,4940.66781
2026-01-31 07:00:00,4943.36462,4943.36462,4829.73898,4865.4488
2026-01-31 11:00:00,4865.35661,4865.60224,4865.25411,4865.38255
2026-01-31 15:00:00,4865.3514,4865.61224,4865.27065,4865.32657
2026-01-31 19:00:00,4865.35636,4865.59592,4865.26173,4865.3609
2026-01-31 23:00:00,4865.38549,4865.60144,4865.2891,4865.40057
2026-02-01 03:00:00,4865.35613,4865.56813,4865.29022,4865.45982
2026-02-01 07:00:00,4865.35613,4865.56813,4865.29022,4865.45029
2026-02-01 11:00:00,4865.35613,4865.56813,4865.29021,4865.38174
2026-02-01 15:00:00,4865.35613,4865.56813,4865.2902,4865.32433
2026-02-01 19:00:00,4865.35613,4865.56813,4865.29019,4865.33682
2026-02-01 23:00:00,4865.35613,4865.56813,4865.29019,4865.40642
2026-02-02 03:00:00,4865.35613,4865.59398,4865.28403,4865.45954
2026-02-02 07:00:00,4865.35405,4875.84344,4693.42718,4744.41692
2026-02-02 11:00:00,4745.30624,4879.10052,4625.43033,4646.92504
2026-02-02 15:00:00,4647.29916,4708.33078,4410.8453,4593.38239
2026-02-02 19:00:00,4593.77757,4778.18342,4564.46448,4763.52697
2026-02-02 23:00:00,4764.8595,4812.44631,4625.53877,4625.53877
2026-02-03 03:00:00,4626.56995,4712.75212,4605.20706,4687.13788
2026-02-03 07:00:00,4685.64115,4774.42609,4647.23171,4772.4534
2026-02-03 11:00:00,4772.338,4854.02918,4746.45067,4809.93917
2026-02-03 15:00:00,4809.84593,4931.66835,4804.19234,4918.39003
2026-02-03 19:00:00,4918.26387,4943.55226,4879.83837,4914.32335
2026-02-03 23:00:00,4913.69903,4948.74094,4895.01338,4932.85977
2026-02-04 03:00:00,4932.79574,4993.13125,4879.40351,4926.47711
2026-02-04 07:00:00,4926.18518,4972.2359,4906.67906,4947.88399
2026-02-04 11:00:00,4948.25108,5074.17083,4947.87068,5069.54366
2026-02-04 15:00:00,5069.45662,5090.97076,5053.10733,5087.86973
2026-02-04 19:00:00,5087.83013,5090.59261,5017.15369,5048.52803
2026-02-04 23:00:00,5048.59959,5065.25523,4905.3436,4921.82875
2026-02-05 03:00:00,4921.82026,4959.18026,4863.23494,4941.50845
2026-02-05 07:00:00,4941.44978,5024.78529,4918.70715,5010.78829
2026-02-05 11:00:00,5011.17578,5019.80524,4799.80156,4876.85635
2026-02-05 15:00:00,4877.99108,4936.03288,4836.93992,4917.16143
2026-02-05 19:00:00,4916.92828,4944.17513,4847.54738,4868.41526
2026-02-05 23:00:00,4868.36366,4876.33907,4798.77728,4812.86473
2026-02-06 03:00:00,4813.42243,4913.09643,4812.71355,4831.82164
2026-02-06 07:00:00,4830.27158,4844.7768,4702.30329,4704.34443
2026-02-06 11:00:00,4704.49039,4841.76707,4654.91557,4825.17997
2026-02-06 15:00:00,4825.17513,4899.48713,4809.20533,4843.3913
2026-02-06 19:00:00,4843.04664,4894.84706,4824.43303,4892.7357
2026-02-06 23:00:00,4893.66083,4960.15145,4874.71489,4941.48424
2026-02-07 03:00:00,4941.46203,4972.30477,4927.49088,4957.75097
2026-02-07 07:00:00,4957.64609,4964.08055,4938.91135,4959.05485
2026-02-07 11:00:00,4959.02806,4959.26106,4958.95147,4959.01339
2026-02-07 15:00:00,4959.04463,4959.24918,4958.95148,4959.01417
2026-02-07 19:00:00,4959.03441,4959.25404,4958.95148,4959.07286
2026-02-07 23:00:00,4959.02113,4959.23978,4958.95149,4959.12674
2026-02-08 03:00:00,4959.01867,4959.23475,4958.9515,4959.11017
2026-02-08 07:00:00,4959.01867,4999.061757,4958.9515,4991.66283
2026-02-08 11:00:00,4992.19799,5003.80416,4985.17216,4998.68846
2026-02-08 15:00:00,4998.6826,5028.17538,4995.45828,5003.50069
2026-02-08 19:00:00,5006.061828,5021.81515,4991.31742,5000.041958
2026-02-08 23:00:00,5002.5653,5013.64245,4996.90679,4999.83102
2026-02-09 03:00:00,5000.36919,5018.11517,4998.41906,5011.35623
2026-02-09 07:00:00,5010.62241,5050.78499,4981.15621,5042.50011
2026-02-09 11:00:00,5045.92925,5054.085029,4971.92857,5024.52719
2026-02-09 15:00:00,5022.27938,5052.34396,5004.57322,5012.88693
2026-02-09 19:00:00,5010.36379,5044.38143,4992.049086,5020.57344
2026-02-09 23:00:00,5021.18551,5071.5227,5006.3261,5067.39375
2026-02-10 03:00:00,5069.46008,5093.76098,5052.95556,5074.62168
2026-02-10 07:00:00,5074.60676,5084.15262,5002.86032,5032.02045
2026-02-10 11:00:00,5032.07752,5053.32037,5010.78607,5028.42142
2026-02-10 15:00:00,5028.13489,5045.66521,5013.80091,5033.87301
2026-02-10 19:00:00,5034.14024,5059.53972,5029.74037,5055.59999
2026-02-10 23:00:00,5055.39676,5077.46195,5006.86194,5022.52871
2026-02-11 03:00:00,5022.75045,5038.48034,5004.65571,5028.8494
2026-02-11 07:00:00,5028.88591,5052.28292,5021.08147,5041.73823
2026-02-11 11:00:00,5041.67789,5060.10814,5029.93115,5054.48655
2026-02-11 15:00:00,5054.20162,5067.91853,5043.86891,5055.70439
2026-02-11 19:00:00,5055.46001,5115.08244,5045.8521,5111.71968
2026-02-11 23:00:00,5111.41935,5115.80964,5040.39684,5060.77242
2026-02-12 03:00:00,5060.81697,5096.46176,5051.10471,5080.6557
2026-02-12 07:00:00,5080.93854,5101.36263,5061.31567,5063.99813
2026-02-12 11:00:00,5064.04615,5075.2475,5048.94191,5057.48865
2026-02-12 15:00:00,5057.50246,5077.15099,5048.74311,5064.51359
2026-02-12 19:00:00,5064.52448,5082.67533,5054.14343,5064.23255
2026-02-12 23:00:00,5064.10969,5082.39778,5041.50366,5067.2993
2026-02-13 03:00:00,5066.35096,5067.26712,4891.22479,4945.1794
2026-02-13 07:00:00,4944.9452,4947.45349,4892.56375,4918.33888
2026-02-13 11:00:00,4918.39136,4989.32637,4916.42402,4982.57158
2026-02-13 15:00:00,4982.63728,4997.13621,4947.03274,4974.73838
2026-02-13 19:00:00,4974.81152,4988.60001,4934.6717,4952.61446
2026-02-13 23:00:00,4952.90164,5022.76908,4952.32997,4977.9606
2026-02-14 03:00:00,4977.93562,5045.31285,4977.93562,5029.89519
2026-02-14 07:00:00,5029.60512,5044.24291,5023.95409,5043.20897
2026-02-14 11:00:00,5043.09616,5043.33273,5043.02176,5043.19573
2026-02-14 15:00:00,5043.11358,5043.34014,5043.02546,5043.10816
2026-02-14 19:00:00,5043.10365,5043.33642,5043.02452,5043.07084
2026-02-14 23:00:00,5043.10849,5043.31644,5043.02224,5043.08832
2026-02-15 03:00:00,5043.09069,5043.31034,5043.02225,5043.16482
2026-02-15 07:00:00,5043.09069,5043.31196,5043.01514,5043.20415
2026-02-15 11:00:00,5043.09069,5043.31035,5043.02225,5043.16607
2026-02-15 15:00:00,5043.09069,5043.31035,5043.02225,5043.08954
2026-02-15 19:00:00,5043.09069,5043.31036,5043.02225,5043.0529
2026-02-15 23:00:00,5043.09069,5043.31037,5043.02225,5043.09365
2026-02-16 03:00:00,5043.09069,5043.34381,5043.00674,5043.2085
2026-02-16 07:00:00,5043.13127,5044.13251,5015.42589,5020.55422
2026-02-16 11:00:00,5020.81773,5031.32799,4985.76554,4988.80768
2026-02-16 15:00:00,4988.83577,5009.74092,4968.76904,5007.62982
2026-02-16 19:00:00,5007.61871,5017.80731,4996.88136,5004.47328
2026-02-16 23:00:00,5004.45811,5006.47547,4971.61455,4980.40031
2026-02-17 03:00:00,4980.37523,4997.95104,4974.35797,4992.462
2026-02-17 07:00:00,4992.35719,4999.41567,4987.4217,4989.93804
2026-02-17 11:00:00,4990.00297,4990.71552,4927.47874,4957.40951
2026-02-17 15:00:00,4957.76156,4960.09834,4873.71174,4916.56841
2026-02-17 19:00:00,4916.46051,4944.18333,4910.56534,4926.38413
2026-02-17 23:00:00,4926.98669,4943.24879,4853.81988,4877.36571
2026-02-18 03:00:00,4877.40339,4905.88474,4853.25576,4881.25215
2026-02-18 07:00:00,4881.2785,4887.06553,4856.71848,4859.30316
2026-02-18 11:00:00,4858.92064,4921.42348,4858.92064,4921.02619
2026-02-18 15:00:00,4920.99417,4940.47034,4919.13451,4929.76913
2026-02-18 19:00:00,4929.66584,4932.21961,4907.00007,4912.89716
2026-02-18 23:00:00,4912.73238,5005.66034,4912.73238,4997.04707
2026-02-19 03:00:00,4996.87667,5008.54216,4972.33491,4980.67537
2026-02-19 07:00:00,4980.59213,4987.63848,4968.39495,4975.69606
2026-02-19 11:00:00,4975.99581,4982.60964,4960.9654,4982.39445
2026-02-19 15:00:00,4982.46425,5021.39962,4976.71778,5010.91346
2026-02-19 19:00:00,5010.78899,5022.36806,4979.87826,4985.30901
2026-02-19 23:00:00,4985.23611,5020.85328,4971.64534,5011.25993
2026-02-20 03:00:00,5011.45948,5014.86401,4976.2179,4987.51618
2026-02-20 07:00:00,4987.7054,5009.21412,4987.41025,4987.95137
2026-02-20 11:00:00,4988.28943,5015.5066,4982.65819,4989.65941
2026-02-20 15:00:00,4989.95837,5029.55572,4986.59719,5007.15693
2026-02-20 19:00:00,5007.0483,5041.00797,5006.54025,5017.69987
2026-02-20 23:00:00,5017.76266,5061.87711,4980.29089,5041.69832
2026-02-21 03:00:00,5041.60254,5079.5811,5041.44954,5079.40187
2026-02-21 07:00:00,5079.37865,5105.22068,5076.80371,5098.54982
2026-02-21 11:00:00,5098.5126,5098.74301,5098.42702,5098.47025
2026-02-21 15:00:00,5098.50024,5098.74308,5098.43156,5098.48756
2026-02-21 19:00:00,5098.51504,5098.74892,5098.43649,5098.55431
2026-02-21 23:00:00,5098.5117,5098.73758,5098.43907,5098.62101
2026-02-22 03:00:00,5098.51348,5098.73552,5098.44428,5098.61379
2026-02-22 07:00:00,5098.51348,5098.73552,5098.44428,5098.54303
2026-02-22 11:00:00,5098.51348,5098.73551,5098.44428,5098.48117
2026-02-22 15:00:00,5098.51348,5098.7355,5098.44428,5098.49151
2026-02-22 19:00:00,5098.51348,5098.73549,5098.44428,5098.56347
2026-02-22 23:00:00,5098.51348,5098.7355,5098.44428,5098.62341
2026-02-23 03:00:00,5098.51348,5098.73551,5098.43388,5098.59632
2026-02-23 07:00:00,5098.50048,5170.04831,5098.189,5166.85758
2026-02-23 11:00:00,5165.30204,5176.33935,5132.23054,5167.47706
2026-02-23 15:00:00,5167.52703,5168.18709,5123.74958,5137.11453
2026-02-23 19:00:00,5137.10186,5163.21409,5120.90226,5150.72559
2026-02-23 23:00:00,5150.61055,5205.1531,5145.11994,5197.36227
2026-02-24 03:00:00,5196.81954,5219.46186,5180.70973,5215.65797
2026-02-24 07:00:00,5215.69065,5250.6274,5215.69065,5237.20446
2026-02-24 11:00:00,5237.0091,5237.81437,5145.57714,5171.93234
2026-02-24 15:00:00,5172.25018,5186.10726,5155.80841,5180.64122
2026-02-24 19:00:00,5180.67816,5182.59057,5165.02942,5173.90109
2026-02-24 23:00:00,5174.02589,5174.02589,5100.79752,5149.59855
2026-02-25 03:00:00,5149.66081,5169.18285,5130.05124,5154.62888
2026-02-25 07:00:00,5154.62929,5173.714,5123.07465,5147.41723
2026-02-25 11:00:00,5147.31284,5194.01802,5139.28993,5182.98159
2026-02-25 15:00:00,5182.89515,5212.60354,5174.07407,5184.5777
2026-02-25 19:00:00,5184.95926,5196.49385,5151.8821,5181.23856
2026-02-25 23:00:00,5181.16306,5201.21081,5162.71665,5194.99566
2026-02-26 03:00:00,5194.9467,5218.1188,5190.80526,5205.26524
2026-02-26 07:00:00,5205.15431,5205.65282,5149.345,5165.51648
2026-02-26 11:00:00,5166.00789,5199.44857,5157.27328,5192.70326
2026-02-26 15:00:00,5192.78072,5204.53403,5179.84749,5187.24655
2026-02-26 19:00:00,5187.09091,5190.44804,5162.63145,5165.04247
2026-02-26 23:00:00,5164.8848,5193.99393,5127.32727,5185.15142
2026-02-27 03:00:00,5185.01731,5193.62745,5157.25665,5187.84755
2026-02-27 07:00:00,5187.77974,5200.87671,5178.96406,5184.0266
2026-02-27 11:00:00,5184.01361,5198.79784,5166.01681,5185.45614
2026-02-27 15:00:00,5185.42091,5200.04491,5177.37049,5177.81998
2026-02-27 19:00:00,5177.70987,5185.59252,5168.6627,5185.42855
2026-02-27 23:00:00,5185.3336,5244.55547,5184.20688,5242.16654
2026-02-28 03:00:00,5241.52505,5256.86705,5220.54363,5251.01854
2026-02-28 07:00:00,5250.99881,5280.2302,5249.91264,5277.94651
2026-02-28 11:00:00,5277.88302,5278.12647,5277.80326,5278.01119
2026-02-28 15:00:00,5277.89433,5278.12424,5277.80612,5277.97471
2026-02-28 19:00:00,5277.88319,5278.1209,5277.80345,5277.90197
2026-02-28 23:00:00,5277.88891,5278.1243,5277.81452,5277.85601
2026-03-01 03:00:00,5277.89433,5278.1243,5277.82283,5277.88359
2026-03-01 07:00:00,5277.89433,5278.1243,5277.82005,5277.9601
2026-03-01 11:00:00,5277.89155,5278.12152,5277.82004,5278.00957
2026-03-01 15:00:00,5277.89155,5278.12152,5277.82004,5277.97876
2026-03-01 19:00:00,5277.89155,5278.12152,5277.82003,5277.8992
2026-03-01 23:00:00,5277.89155,5278.12152,5277.82002,5277.85232
2026-03-02 03:00:00,5277.89155,5278.12724,5277.68405,5277.8835
2026-03-02 07:00:00,5277.88876,5388.62651,5277.51333,5386.65879
2026-03-02 11:00:00,5387.25127,5387.25127,5305.31064,5366.04365
2026-03-02 15:00:00,5365.91956,5417.76449,5343.043,5406.78938
2026-03-02 19:00:00,5406.67182,5417.59559,5378.72487,5383.46468
2026-03-02 23:00:00,5383.32243,5417.2044,5295.67361,5315.25595
2026-03-03 03:00:00,5313.43102,5342.30957,5267.50196,5330.94854
2026-03-03 07:00:00,5330.72524,5347.99613,5321.49959,5346.1562
2026-03-03 11:00:00,5346.25425,5378.90889,5337.12835,5366.85746
2026-03-03 15:00:00,5366.76661,5374.93233,5286.35834,5327.1419
2026-03-03 19:00:00,5327.10566,5335.79115,5073.56798,5149.6461
2026-03-03 23:00:00,5150.04404,5224.44678,4986.15049,5081.57056
2026-03-04 03:00:00,5080.70449,5146.21165,5069.63193,5113.42789
2026-03-04 07:00:00,5113.69812,5131.80567,5083.87185,5124.36911
2026-03-04 11:00:00,5124.13218,5189.02609,5105.47997,5175.06952
2026-03-04 15:00:00,5174.93761,5177.9999,5131.27031,5170.26469
2026-03-04 19:00:00,5170.05941,5200.58209,5149.14733,5193.16955
2026-03-04 23:00:00,5193.11685,5203.82419,5134.58475,5152.33672
2026-03-05 03:00:00,5152.21917,5162.63362,5111.92671,5136.55908
2026-03-05 07:00:00,5136.26707,5165.1965,5122.05259,5165.1965
2026-03-05 11:00:00,5165.28941,5194.57816,5161.10484,5179.04809
2026-03-05 15:00:00,5179.01361,5185.39697,5125.93942,5161.31487
2026-03-05 19:00:00,5161.34019,5181.26553,5138.41075,5163.34007
2026-03-05 23:00:00,5163.35575,5171.66924,5069.19661,5098.64953
2026-03-06 03:00:00,5098.92804,5104.17268,5054.59315,5065.44602
2026-03-06 07:00:00,5065.45447,5100.27341,5064.01522,5086.79394
2026-03-06 11:00:00,5085.43499,5144.5519,5072.38392,5131.46607
2026-03-06 15:00:00,5131.493,5137.00321,5107.46076,5119.45376
2026-03-06 19:00:00,5119.48094,5123.65417,5054.73982,5075.99875
2026-03-06 23:00:00,5075.78623,5171.76359,5065.81964,5145.89214
2026-03-07 03:00:00,5145.72478,5174.13733,5125.39567,5161.43884
2026-03-07 07:00:00,5161.28762,5173.49951,5151.19721,5171.16228
2026-03-07 11:00:00,5171.0641,5171.29969,5170.99385,5171.18345
2026-03-07 15:00:00,5171.07251,5171.29733,5170.99433,5171.12261
2026-03-07 19:00:00,5171.07273,5171.29879,5170.99418,5171.04965
2026-03-07 23:00:00,5171.07243,5171.29986,5170.99105,5171.04185
2026-03-08 03:00:00,5171.07466,5171.29986,5171.00448,5171.10452
2026-03-08 07:00:00,5171.07466,5171.29987,5171.00181,5171.17378
2026-03-08 11:00:00,5171.07199,5171.29719,5171.00181,5171.18101
2026-03-08 15:00:00,5171.07199,5171.2972,5171.00181,5171.11635
2026-03-08 19:00:00,5171.07199,5171.2972,5171.00181,5171.04598
2026-03-08 23:00:00,5171.07199,5171.29721,5171.00181,5171.04192
2026-03-09 03:00:00,5171.07199,5171.29721,5167.45393,5171.09086
2026-03-09 07:00:00,5171.05327,5204.69053,5041.20332,5075.04294
2026-03-09 11:00:00,5074.94113,5101.87878,5014.43471,5091.7874
2026-03-09 15:00:00,5091.75287,5141.07971,5080.36932,5098.78489
2026-03-09 19:00:00,5098.80043,5133.80454,5080.17194,5089.3973
2026-03-09 23:00:00,5089.30828,5113.40364,5060.43894,5100.92943
2026-03-10 03:00:00,5101.10546,5142.25135,5089.07599,5142.17754
2026-03-10 07:00:00,5141.93524,5158.55151,5122.45155,5140.15766
2026-03-10 11:00:00,5140.28599,5186.73473,5125.67704,5158.18534
2026-03-10 15:00:00,5158.02822,5180.6948,5155.26987,5179.32274
2026-03-10 19:00:00,5179.63159,5193.4709,5157.29102,5174.13435
2026-03-10 23:00:00,5174.02072,5237.80436,5163.9106,5228.67579
2026-03-11 03:00:00,5228.58812,5235.56003,5171.62924,5197.99865
2026-03-11 07:00:00,5198.01685,5199.49506,5183.49359,5196.7989
2026-03-11 11:00:00,5196.80909,5223.2619,5186.63268,5203.40712
2026-03-11 15:00:00,5203.32107,5210.12923,5185.61698,5195.05454
2026-03-11 19:00:00,5195.09948,5197.89766,5179.0189,5180.16232
2026-03-11 23:00:00,5180.09988,5195.18839,5158.04347,5170.76361
2026-03-12 03:00:00,5170.73869,5183.864,5158.72477,5183.31222
2026-03-12 07:00:00,5183.22388,5183.76903,5133.22512,5135.13191
2026-03-12 11:00:00,5135.72582,5175.50881,5125.12604,5153.19304
2026-03-12 15:00:00,5153.16456,5183.50698,5138.11143,5180.93707
2026-03-12 19:00:00,5180.84795,5191.16983,5174.40366,5179.52333
2026-03-12 23:00:00,5179.44594,5185.61521,5116.75523,5130.51947
2026-03-13 03:00:00,5130.41693,5139.1876,5081.35272,5083.42129
2026-03-13 07:00:00,5083.57604,5100.91875,5058.12993,5099.39292
2026-03-13 11:00:00,5099.09052,5127.98504,5098.0565,5116.28337
2026-03-13 15:00:00,5116.22301,5117.31723,5072.30721,5084.81543
2026-03-13 19:00:00,5084.84807,5106.28999,5059.76661,5106.28999
2026-03-13 23:00:00,5106.51081,5123.76336,5032.13873,5037.24535
2026-03-14 03:00:00,5040.24159,5070.27427,5003.47363,5020.31894
2026-03-14 07:00:00,5022.68373,5028.6784,5010.37858,5019.79778
2026-03-14 11:00:00,5019.69225,5019.91086,5019.60902,5019.7346
2026-03-14 15:00:00,5019.69225,5019.91086,5019.61861,5019.66661
2026-03-14 19:00:00,5019.69225,5019.91098,5019.6192,5019.6634
2026-03-14 23:00:00,5019.69225,5019.91084,5019.61903,5019.72592
2026-03-15 03:00:00,5019.68973,5019.90833,5019.6216,5019.79237
2026-03-15 07:00:00,5019.68973,5019.91562,5019.61458,5019.7923
2026-03-15 11:00:00,5019.68973,5019.90832,5019.6216,5019.72579
2026-03-15 15:00:00,5019.68973,5019.90833,5019.6216,5019.66091
2026-03-15 19:00:00,5019.68973,5019.90833,5019.6216,5019.66406
2026-03-15 23:00:00,5019.68973,5019.90834,5019.6216,5019.73203
2026-03-16 03:00:00,5019.68973,5032.13817,5018.9006,5019.79532
2026-03-16 07:00:00,5019.68973,5027.96979,4966.61001,4994.56651
2026-03-16 11:00:00,4993.1961,5029.71881,4985.62786,5019.09049
2026-03-16 15:00:00,5019.05363,5036.81037,4993.53592,4994.70081
2026-03-16 19:00:00,4994.23468,5021.78714,4971.0511,4996.94092
2026-03-16 23:00:00,4996.85666,5035.8852,4983.55576,4986.11428
2026-03-17 03:00:00,4986.00372,5025.0575,4975.37054,5012.64443
2026-03-17 07:00:00,5012.46151,5022.46755,4998.18229,5012.82851
2026-03-17 11:00:00,5012.69687,5032.45446,4998.03231,5027.34567
2026-03-17 15:00:00,5027.2876,5042.92294,5002.28554,5021.84267
2026-03-17 19:00:00,5021.74367,5029.37271,4993.89012,5003.73345
2026-03-17 23:00:00,5003.56301,5030.6624,4978.14194,4997.52267
2026-03-18 03:00:00,4997.42475,5008.45844,4991.43474,4998.9783
2026-03-18 07:00:00,4998.63708,5007.10662,4994.04978,5002.8235
2026-03-18 11:00:00,5002.73999,5016.82098,4989.01333,4991.41449
2026-03-18 15:00:00,4991.3622,5015.12179,4982.24724,4995.17297
2026-03-18 19:00:00,4995.11713,4997.51837,4928.58183,4928.58183
2026-03-18 23:00:00,4928.50457,4929.8969,4837.58291,4865.22754
2026-03-19 03:00:00,4864.95622,4899.65344,4839.88812,4841.92773
2026-03-19 07:00:00,4842.10656,4846.58236,4806.58147,4836.74246
2026-03-19 11:00:00,4836.63541,4868.11576,4833.81999,4851.70851
2026-03-19 15:00:00,4851.75686,4853.63582,4733.0501,4733.0501
2026-03-19 19:00:00,4733.01708,4738.50594,4652.75093,4653.50515
2026-03-19 23:00:00,4653.76852,4653.76852,4514.89843,4577.69052
2026-03-20 03:00:00,4578.67185,4663.84372,4566.36085,4637.62973
2026-03-20 07:00:00,4637.58944,4675.6063,4636.34182,4643.09895
2026-03-20 11:00:00,4642.90775,4736.02113,4642.90775,4725.27668
2026-03-20 15:00:00,4724.98269,4727.77293,4660.83949,4706.42928
2026-03-20 19:00:00,4706.11131,4733.80964,4637.02393,4671.36593
2026-03-20 23:00:00,4671.91403,4695.99156,4544.73297,4554.81739
2026-03-21 03:00:00,4554.71506,4615.00986,4475.36646,4500.6531
2026-03-21 07:00:00,4500.48478,4513.49018,4490.7061,4497.4696
2026-03-21 11:00:00,4497.44854,4497.64611,4497.37722,4497.4203
2026-03-21 15:00:00,4497.45063,4497.64636,4497.37723,4497.43215
2026-03-21 19:00:00,4497.44757,4497.64294,4497.37783,4497.49175
2026-03-21 23:00:00,4497.44246,4497.64206,4497.37723,4497.5389
2026-03-22 03:00:00,4497.44028,4497.63618,4497.37925,4497.5218
2026-03-22 07:00:00,4497.44028,4497.63822,4497.37925,4497.45794
2026-03-22 11:00:00,4497.4423,4497.63822,4497.38128,4497.41048
2026-03-22 15:00:00,4497.4423,4497.63823,4497.38128,4497.43012
2026-03-22 19:00:00,4497.4423,4497.63823,4497.38129,4497.49676
2026-03-22 23:00:00,4497.4423,4497.63824,4497.38129,4497.54218
2026-03-23 03:00:00,4497.4423,4497.6526,4497.38103,4497.51799
2026-03-23 07:00:00,4497.4395,4532.22948,4453.15934,4466.30836
2026-03-23 11:00:00,4466.95648,4474.1529,4314.48259,4353.1224
2026-03-23 15:00:00,4351.3312,4382.12082,4104.81533,4198.4286
2026-03-23 19:00:00,4196.99652,4448.85164,4196.99652,4374.58054
2026-03-23 23:00:00,4374.42625,4509.82105,4334.90805,4359.0781
2026-03-24 03:00:00,4360.82771,4466.67996,4355.75488,4400.00688
2026-03-24 07:00:00,4399.37578,4448.78875,4360.13731,4439.02525
2026-03-24 11:00:00,4438.56771,4444.25928,4310.39454,4347.01184
2026-03-24 15:00:00,4346.94243,4430.26501,4318.79209,4419.04027
2026-03-24 19:00:00,4417.87201,4440.15932,4383.01501,4407.54269
2026-03-24 23:00:00,4408.07937,4435.21262,4355.22999,4421.8445
2026-03-25 03:00:00,4421.92186,4429.16016,4374.98042,4399.4287
2026-03-25 07:00:00,4399.59355,4549.02089,4396.84803,4544.89644
2026-03-25 11:00:00,4545.08551,4602.63009,4534.67652,4569.28584
2026-03-25 15:00:00,4569.36714,4575.09411,4535.63816,4539.01629
2026-03-25 19:00:00,4538.9004,4584.98184,4532.34288,4577.55051
2026-03-25 23:00:00,4578.13136,4586.24188,4528.40787,4560.76341
2026-03-26 03:00:00,4560.8839,4563.06327,4490.76269,4531.47513
2026-03-26 07:00:00,4531.38161,4540.74886,4489.0392,4498.38644
2026-03-26 11:00:00,4498.24254,4546.06827,4498.24254,4515.73227
2026-03-26 15:00:00,4515.74698,4524.04796,4418.00769,4454.45692
2026-03-26 19:00:00,4454.3765,4459.7403,4415.7574,4422.61293
2026-03-26 23:00:00,4422.77131,4483.21906,4420.96394,4437.44462
2026-03-27 03:00:00,4437.4349,4441.5877,4358.34529,4362.63551
2026-03-27 07:00:00,4362.52539,4417.81991,4352.84304,4405.11254
2026-03-27 11:00:00,4405.50569,4442.23073,4378.8413,4437.12173
2026-03-27 15:00:00,4436.91234,4474.51937,4431.8961,4446.78937
2026-03-27 19:00:00,4446.81999,4447.99283,4406.69004,4416.74924
2026-03-27 23:00:00,4415.9681,4550.97345,4413.46109,4524.83184
2026-03-28 03:00:00,4524.86448,4533.14479,4485.99521,4514.84071
2026-03-28 07:00:00,4514.75649,4514.81293,4492.13517,4507.73142
2026-03-28 11:00:00,4507.70202,4507.90758,4507.63739,4507.79279
2026-03-28 15:00:00,4507.70283,4507.90706,4507.63823,4507.80489
2026-03-28 19:00:00,4507.71268,4507.90883,4507.63428,4507.74083
2026-03-28 23:00:00,4507.70506,4507.90907,4507.64163,4507.68909
2026-03-29 03:00:00,4507.7127,4507.90907,4507.65154,4507.6873
2026-03-29 07:00:00,4507.7127,4507.90906,4507.65153,4507.74611
2026-03-29 11:00:00,4507.7127,4507.90906,4507.65153,4507.80532
2026-03-29 15:00:00,4507.7127,4507.90905,4507.65153,4507.80433
2026-03-29 19:00:00,4507.7127,4507.90905,4507.65153,4507.74416
2026-03-29 23:00:00,4507.7127,4507.90904,4507.65152,4507.68639
2026-03-30 03:00:00,4507.7127,4507.90904,4507.63074,4507.67826
2026-03-30 07:00:00,4507.70172,4513.34994,4443.98757,4448.37083
2026-03-30 11:00:00,4446.69772,4516.0865,4420.32741,4496.60501
2026-03-30 15:00:00,4496.75146,4552.27562,4486.72112,4526.77722
2026-03-30 19:00:00,4526.75986,4577.29626,4524.08597,4557.71054
2026-03-30 23:00:00,4557.57596,4579.18712,4512.59511,4548.74607
2026-03-31 03:00:00,4548.73694,4548.83592,4493.24474,4513.40774
2026-03-31 07:00:00,4513.5833,4520.18793,4496.30462,4511.55784
2026-03-31 11:00:00,4511.46592,4620.74017,4486.81893,4556.83736
2026-03-31 15:00:00,4556.67617,4581.53909,4545.50884,4564.32377
2026-03-31 19:00:00,4564.10401,4591.88006,4536.16837,4581.57957
2026-03-31 23:00:00,4581.52634,4627.84943,4568.79547,4611.40288
2026-04-01 03:00:00,4611.50764,4684.74132,4607.85211,4683.73771
2026-04-01 07:00:00,4683.78257,4699.30417,4657.92829,4698.71852
2026-04-01 11:00:00,4699.00259,4722.70035,4678.2727,4681.9154
2026-04-01 15:00:00,4681.90212,4746.44998,4668.31444,4712.4766
2026-04-01 19:00:00,4712.45117,4762.15991,4712.45117,4755.65238
2026-04-01 23:00:00,4755.93031,4788.39096,4718.22417,4786.85294
2026-04-02 03:00:00,4786.75,4792.52135,4741.18272,4768.03194
2026-04-02 07:00:00,4767.94778,4798.53894,4752.50154,4784.9878
2026-04-02 11:00:00,4785.28567,4797.88609,4657.70957,4678.8651
2026-04-02 15:00:00,4678.78972,4681.03886,4555.06888,4643.68308
2026-04-02 19:00:00,4643.36053,4647.48296,4595.39299,4600.37948
2026-04-02 23:00:00,4600.24884,4696.34804,4578.73482,4660.36245
2026-04-03 03:00:00,4660.23953,4681.46509,4645.79477,4675.33535
2026-04-03 07:00:00,4675.27835,4677.0164,4665.06785,4676.46016
2026-04-03 11:00:00,4676.3505,4676.7721,4676.02318,4676.49595
2026-04-03 15:00:00,4676.4275,4676.73226,4676.0826,4676.44268
2026-04-03 19:00:00,4676.42842,4676.80611,4676.06572,4676.27673
2026-04-03 23:00:00,4676.29205,4676.82277,4675.89571,4676.22859
2026-04-04 03:00:00,4676.23996,4676.85005,4676.10944,4676.48581
2026-04-04 07:00:00,4676.42625,4676.82173,4676.01177,4676.53505
2026-04-04 11:00:00,4676.43074,4676.63445,4676.3651,4676.50948
2026-04-04 15:00:00,4676.43074,4676.63445,4676.36291,4676.43442
2026-04-04 19:00:00,4676.42647,4676.63444,4676.36073,4676.39398
2026-04-04 23:00:00,4676.42856,4676.63226,4676.3651,4676.43866
2026-04-05 03:00:00,4676.42856,4676.63225,4676.36509,4676.50865
2026-04-05 07:00:00,4676.42856,4676.63225,4676.36509,4676.53256
2026-04-05 11:00:00,4676.42856,4676.63224,4676.36509,4676.48592
2026-04-05 15:00:00,4676.42856,4676.63223,4676.36509,4676.41646
2026-04-05 19:00:00,4676.42856,4676.63223,4676.36509,4676.39529
2026-04-05 23:00:00,4676.42856,4676.63222,4676.36509,4676.44406
2026-04-06 03:00:00,4676.42856,4676.63222,4676.34757,4676.50455
2026-04-06 07:00:00,4676.41981,4677.90691,4598.01008,4622.81581
2026-04-06 11:00:00,4622.45254,4670.08563,4621.04578,4659.08867
2026-04-06 15:00:00,4659.03433,4697.65787,4645.75503,4696.89539
2026-04-06 19:00:00,4696.70941,4705.73244,4662.03022,4675.25959
2026-04-06 23:00:00,4675.44663,4699.48222,4652.70598,4659.58661
2026-04-07 03:00:00,4659.55457,4664.05092,4644.58843,4649.76527
2026-04-07 07:00:00,4649.66027,4669.55525,4649.63501,4655.58712
2026-04-07 11:00:00,4654.17559,4662.51561,4620.10067,4660.53754
2026-04-07 15:00:00,4660.58305,4688.81099,4626.72351,4684.48364
2026-04-07 19:00:00,4684.48379,4694.57777,4633.7223,4652.56392
2026-04-07 23:00:00,4652.40995,4665.96505,4604.80231,4657.83746
2026-04-08 03:00:00,4657.86471,4719.86105,4655.18069,4706.39311
2026-04-08 07:00:00,4706.29881,4855.11363,4702.01739,4817.41579
2026-04-08 11:00:00,4816.73737,4821.94387,4789.16914,4803.13059
2026-04-08 15:00:00,4803.10798,4842.80131,4790.65365,4794.58061
2026-04-08 19:00:00,4794.52006,4808.25787,4773.54652,4800.01554
2026-04-08 23:00:00,4800.35756,4806.40512,4734.44914,4760.64046
2026-04-09 03:00:00,4760.60497,4763.85032,4700.18732,4719.47769
2026-04-09 07:00:00,4719.63631,4730.89459,4699.47827,4707.78478
2026-04-09 11:00:00,4708.27994,4732.62557,4696.30581,4721.98897
2026-04-09 15:00:00,4721.92193,4733.30457,4703.76501,4727.31639
2026-04-09 19:00:00,4726.91359,4759.04718,4724.31346,4745.53888
2026-04-09 23:00:00,4745.80985,4800.71915,4739.1071,4789.00695
2026-04-10 03:00:00,4788.99439,4800.60957,4761.31903,4766.56409
2026-04-10 07:00:00,4766.49515,4778.11638,4748.58754,4762.02855
2026-04-10 11:00:00,4761.69685,4775.78376,4739.80323,4758.72265
2026-04-10 15:00:00,4758.64119,4768.85311,4732.48466,4741.11846
2026-04-10 19:00:00,4740.91213,4781.93504,4740.68455,4770.69103
2026-04-10 23:00:00,4770.76204,4795.33901,4749.58847,4763.6454
2026-04-11 03:00:00,4763.65362,4772.71396,4740.55067,4749.58009
2026-04-11 07:00:00,4749.54972,4750.78067,4749.02268,4750.44984
2026-04-11 11:00:00,4750.44707,4750.6631,4750.36815,4750.41154
2026-04-11 15:00:00,4750.44821,4750.66996,4750.36815,4750.43978
2026-04-11 19:00:00,4750.44078,4750.6653,4750.36815,4750.52895
2026-04-11 23:00:00,4750.45842,4750.66529,4750.39394,4750.5653
2026-04-12 03:00:00,4750.45842,4750.66529,4750.39394,4750.52873
2026-04-12 07:00:00,4750.45842,4750.66528,4750.36815,4750.45187
2026-04-12 11:00:00,4750.45391,4750.66079,4750.38943,4750.41836
2026-04-12 15:00:00,4750.45391,4750.66078,4750.38943,4750.4577
2026-04-12 19:00:00,4750.45391,4750.66077,4750.38943,4750.52962
2026-04-12 23:00:00,4750.45391,4750.66077,4750.38943,4750.56052
2026-04-13 03:00:00,4750.45391,4756.1901,4749.83663,4750.50252
2026-04-13 07:00:00,4750.43695,4752.99783,4643.55787,4694.25742
2026-04-13 11:00:00,4693.92561,4728.56669,4693.73387,4722.88906
2026-04-13 15:00:00,4722.80091,4740.32257,4716.7047,4724.5996
2026-04-13 19:00:00,4724.68104,4728.36404,4705.22664,4723.25448
2026-04-13 23:00:00,4723.16581,4744.58902,4702.39315,4733.08984
2026-04-14 03:00:00,4733.41387,4749.77257,4720.39771,4740.74803
2026-04-14 07:00:00,4740.96568,4774.33816,4740.70858,4769.98002
2026-04-14 11:00:00,4770.43587,4777.49818,4762.59636,4774.32999
2026-04-14 15:00:00,4774.26035,4796.596,4758.3606,4784.88268
2026-04-14 19:00:00,4784.80748,4787.93473,4759.98434,4771.16396
2026-04-14 23:00:00,4770.49721,4819.2754,4770.49721,4810.07465
2026-04-15 03:00:00,4810.12395,4847.07437,4810.09889,4841.71465
2026-04-15 07:00:00,4841.67865,4852.25061,4828.07973,4836.11962
2026-04-15 11:00:00,4836.11454,4869.57853,4818.84786,4825.58734
2026-04-15 15:00:00,4825.7136,4829.67706,4802.75332,4817.56685
2026-04-15 19:00:00,4817.39959,4818.55643,4790.89089,4812.04685
2026-04-15 23:00:00,4812.14586,4829.98717,4788.47055,4804.32132
2026-04-16 03:00:00,4804.22266,4808.76243,4788.56513,4790.98573
2026-04-16 07:00:00,4790.93335,4837.13095,4790.34246,4834.02577
2026-04-16 11:00:00,4833.81671,4836.20219,4812.30949,4833.28914
2026-04-16 15:00:00,4833.21673,4838.06143,4806.73419,4813.27588
2026-04-16 19:00:00,4813.20087,4822.62778,4806.18678,4817.23266
2026-04-16 23:00:00,4816.94729,4823.74167,4782.30491,4792.95661
2026-04-17 03:00:00,4792.85207,4797.89359,4779.94195,4789.6854
2026-04-17 07:00:00,4789.63688,4800.96399,4776.33511,4795.33905
2026-04-17 11:00:00,4795.24991,4805.72124,4769.05475,4803.43046
2026-04-17 15:00:00,4803.37559,4806.13706,4780.13111,4796.0285
2026-04-17 19:00:00,4796.08953,4847.71942,4782.86095,4844.16177
2026-04-17 23:00:00,4844.29326,4887.92586,4835.30067,4866.95186
2026-04-18 03:00:00,4866.96925,4868.6849,4829.09053,4830.60557
2026-04-18 07:00:00,4830.44896,4834.37679,4830.44896,4834.07714
2026-04-18 11:00:00,4833.98967,4834.20649,4833.90964,4834.00648
2026-04-18 15:00:00,4833.98907,4834.20351,4833.89184,4833.94756
2026-04-18 19:00:00,4833.98021,4834.20883,4833.88108,4833.979
2026-04-18 23:00:00,4833.99342,4834.20405,4833.92794,4834.0502
2026-04-19 03:00:00,4833.99342,4834.20405,4833.92793,4834.10038
2026-04-19 07:00:00,4833.99342,4834.20638,4833.92795,4834.08065
2026-04-19 11:00:00,4833.99575,4834.20638,4833.93024,4834.00883
2026-04-19 15:00:00,4833.99575,4834.20638,4833.93024,4833.96073
2026-04-19 19:00:00,4833.99575,4834.20638,4833.93023,4833.98558
2026-04-19 23:00:00,4833.99575,4834.20638,4833.93022,4834.05795
2026-04-20 03:00:00,4833.99575,4837.40174,4831.71107,4834.1014
2026-04-20 07:00:00,4833.99308,4834.32342,4740.74681,4772.74591
2026-04-20 11:00:00,4773.11528,4813.58823,4772.73778,4788.47006
2026-04-20 15:00:00,4788.28355,4805.80372,4781.85765,4795.78503
2026-04-20 19:00:00,4795.81611,4820.67725,4783.63919,4803.00822
2026-04-20 23:00:00,4802.88472,4828.6527,4791.75082,4805.14589
2026-04-21 03:00:00,4804.98175,4821.38942,4803.12916,4820.47575
2026-04-21 07:00:00,4820.36913,4832.94507,4817.73367,4824.38158
2026-04-21 11:00:00,4824.51961,4824.62489,4789.08429,4790.3469
2026-04-21 15:00:00,4789.89551,4797.20496,4773.28002,4787.03361
2026-04-21 19:00:00,4787.07518,4796.78363,4773.50403,4777.48779
2026-04-21 23:00:00,4776.82291,4795.32988,4708.03653,4710.98361
2026-04-22 03:00:00,4710.76088,4719.60851,4668.28518,4719.56596
2026-04-22 07:00:00,4719.54891,4747.56757,4712.05724,4740.45005
2026-04-22 11:00:00,4740.31821,4765.38668,4736.79283,4754.73731
2026-04-22 15:00:00,4754.77892,4771.44226,4751.8072,4757.6746
2026-04-22 19:00:00,4757.69478,4762.86485,4741.40609,4744.31869
2026-04-22 23:00:00,4744.40381,4759.21316,4724.85646,4728.42991
2026-04-23 03:00:00,4728.50425,4749.13282,4728.34417,4739.78055
2026-04-23 07:00:00,4739.70626,4752.77812,4695.45843,4746.76044
2026-04-23 11:00:00,4746.81391,4750.69645,4698.09733,4704.17535
2026-04-23 15:00:00,4704.09508,4724.68314,4694.39255,4704.92098
2026-04-23 19:00:00,4704.81889,4744.30754,4684.94383,4740.3989
2026-04-23 23:00:00,4740.43409,4740.45982,4716.0991,4733.02111
2026-04-24 03:00:00,4732.97291,4734.04441,4668.50627,4693.67161
2026-04-24 07:00:00,4693.68565,4707.55389,4686.90533,4705.10089
2026-04-24 11:00:00,4705.14901,4711.17216,4658.8598,4674.18852
2026-04-24 15:00:00,4674.42325,4696.11526,4667.75025,4690.28468
2026-04-24 19:00:00,4689.98857,4715.71402,4675.88689,4700.70847
2026-04-24 23:00:00,4700.67532,4742.65975,4689.10376,4727.19763
2026-04-25 03:00:00,4727.12153,4729.88799,4705.57141,4709.65804
2026-04-25 07:00:00,4709.55559,4709.77324,4708.43723,4708.58145
2026-04-25 11:00:00,4708.51768,4708.73003,4708.43374,4708.48967
2026-04-25 15:00:00,4708.49699,4708.73111,4708.43757,4708.48651
2026-04-25 19:00:00,4708.52056,4708.72422,4708.4264,4708.50033
2026-04-25 23:00:00,4708.4903,4708.69539,4708.4264,4708.57082
2026-04-26 03:00:00,4708.4903,4708.69538,4708.4264,4708.59504
2026-04-26 07:00:00,4708.4903,4708.70199,4708.4264,4708.5553
2026-04-26 11:00:00,4708.49695,4708.70199,4708.43305,4708.48524
2026-04-26 15:00:00,4708.49695,4708.702,4708.43305,4708.46332
2026-04-26 19:00:00,4708.49695,4708.70201,4708.43305,4708.51196
2026-04-26 23:00:00,4708.49695,4708.70201,4708.43305,4708.58139
2026-04-27 03:00:00,4708.49695,4709.14952,4704.90079,4707.28437
2026-04-27 07:00:00,4707.09393,4709.02994,4674.26331,4697.07477
2026-04-27 11:00:00,4697.04055,4728.46794,4693.20696,4725.3642
2026-04-27 15:00:00,4725.27622,4725.40594,4705.8488,4706.39363
2026-04-27 19:00:00,4706.49446,4712.04336,4696.85937,4698.36066
2026-04-27 23:00:00,4698.10968,4702.09288,4667.93945,4676.92644
2026-04-28 03:00:00,4676.93315,4685.7673,4668.34333,4681.67029
2026-04-28 07:00:00,4681.63065,4701.06814,4681.63065,4691.48065
2026-04-28 11:00:00,4691.70224,4691.70224,4666.63553,4667.76168
2026-04-28 15:00:00,4667.89441,4667.89441,4617.46466,4629.73865
2026-04-28 19:00:00,4629.76683,4629.81179,4555.69938,4593.7365
2026-04-28 23:00:00,4593.50219,4593.95056,4558.29421,4592.65477
2026-04-29 03:00:00,4592.5914,4600.7996,4587.53108,4596.47098
2026-04-29 07:00:00,4596.3843,4609.97231,4588.13578,4600.74007
2026-04-29 11:00:00,4600.79903,4605.76779,4578.38785,4604.93424
2026-04-29 15:00:00,4604.90783,4606.19262,4558.25675,4575.52366
2026-04-29 19:00:00,4575.87925,4581.7312,4542.4168,4545.69234
2026-04-29 23:00:00,4545.74012,4567.50481,4511.1187,4545.24447
2026-04-30 03:00:00,4545.21229,4554.31281,4518.74934,4543.91802
2026-04-30 07:00:00,4543.88834,4573.7529,4539.67141,4569.9546
2026-04-30 11:00:00,4569.78187,4582.44801,4540.58958,4542.92899
2026-04-30 15:00:00,4542.94771,4626.26581,4542.92152,4616.93591
2026-04-30 19:00:00,4616.86654,4646.87963,4615.87743,4639.42187
2026-04-30 23:00:00,4639.62391,4644.28656,4604.4146,4608.0711
2026-05-01 03:00:00,4608.19426,4626.71867,4607.87024,4621.32118
2026-05-01 07:00:00,4622.38066,4634.0141,4619.05656,4621.74636
2026-05-01 11:00:00,4619.44037,4635.38574,4609.68479,4611.31714
2026-05-01 15:00:00,4608.95006,4616.32375,4565.79308,4567.97655
2026-05-01 19:00:00,4567.91311,4608.2278,4561.34636,4591.84455
2026-05-01 23:00:00,4590.54575,4659.80668,4588.2083,4640.89334
2026-05-02 03:00:00,4640.44588,4642.71475,4607.53527,4614.83277
2026-05-02 07:00:00,4613.88092,4615.73967,4612.39694,4613.21973
2026-05-02 11:00:00,4613.25193,4613.46372,4613.17213,4613.22552
2026-05-02 15:00:00,4613.25258,4613.46987,4613.17355,4613.29667
2026-05-02 19:00:00,4613.25258,4613.46867,4613.17221,4613.3494
2026-05-02 23:00:00,4613.25045,4613.45802,4613.18128,4613.33869
2026-05-03 03:00:00,4613.25045,4613.45801,4613.18128,4613.27308
2026-05-03 07:00:00,4613.25045,4613.46013,4613.18128,4613.22191
2026-05-03 11:00:00,4613.25258,4613.46012,4613.1834,4613.23527
2026-05-03 15:00:00,4613.25258,4613.46012,4613.1834,4613.30177
2026-05-03 19:00:00,4613.25258,4613.46011,4613.18339,4613.35334
2026-05-03 23:00:00,4613.25258,4613.46011,4613.18339,4613.3372
2026-05-04 03:00:00,4613.25258,4613.78995,4612.97032,4613.28448
2026-05-04 07:00:00,4613.24465,4629.39094,4602.99194,4611.90231
2026-05-04 11:00:00,4612.89326,4616.59203,4592.59668,4607.11878
2026-05-04 15:00:00,4605.97589,4613.93413,4573.77414,4577.77316
2026-05-04 19:00:00,4577.12585,4584.00183,4526.40284,4572.1613
2026-05-04 23:00:00,4565.18113,4582.50416,4503.72464,4509.24591
2026-05-05 03:00:00,4511.76702,4529.94632,4507.60382,4523.59841
2026-05-05 07:00:00,4523.13191,4531.03469,4514.11976,4529.78586
2026-05-05 11:00:00,4528.02303,4546.28995,4527.09489,4532.26023
2026-05-05 15:00:00,4532.44165,4558.96811,4532.06436,4558.43343
2026-05-05 19:00:00,4556.62043,4574.35258,4540.8505,4564.93456
2026-05-05 23:00:00,4564.88078,4587.17375,4554.56367,4562.17819
2026-05-06 03:00:00,4562.11751,4566.03133,4551.91941,4556.92512
2026-05-06 07:00:00,4556.73388,4618.21951,4542.23432,4618.02024
2026-05-06 11:00:00,4617.99826,4652.46115,4609.58169,4650.27922
2026-05-06 15:00:00,4650.23928,4699.9472,4643.91588,4694.45685
2026-05-06 19:00:00,4694.84582,4722.77486,4664.1791,4680.86608
2026-05-06 23:00:00,4677.86323,4716.39425,4669.24123,4682.28339
2026-05-07 03:00:00,4682.06467,4699.37453,4678.73774,4690.91268
2026-05-07 07:00:00,4690.82727,4700.62116,4685.08702,4688.12971
2026-05-07 11:00:00,4687.84949,4720.5712,4686.25521,4696.84918
2026-05-07 15:00:00,4696.8162,4752.50303,4695.01925,4732.51134
2026-05-07 19:00:00,4732.54225,4751.89371,4723.34168,4747.72968
2026-05-07 23:00:00,4746.67732,4765.85857,4705.88235,4713.59025
2026-05-08 03:00:00,4713.28039,4729.41171,4686.52351,4689.4371
2026-05-08 07:00:00,4688.10345,4709.75511,4671.02499,4700.62027
2026-05-08 11:00:00,4700.13435,4731.98438,4699.46896,4712.65794
2026-05-08 15:00:00,4714.5991,4734.09993,4698.45224,4716.23601
2026-05-08 19:00:00,4716.37784,4730.84747,4704.33269,4729.97096
2026-05-08 23:00:00,4730.16894,4746.76034,4704.29933,4714.02576
2026-05-09 03:00:00,4713.74195,4728.1426,4712.75743,4716.2703
2026-05-09 07:00:00,4716.00307,4716.00307,4714.44984,4715.43746
2026-05-09 11:00:00,4715.36772,4715.59387,4715.29545,4715.36619
2026-05-09 15:00:00,4715.3715,4715.5959,4715.29882,4715.33775
2026-05-09 19:00:00,4715.37434,4715.59632,4715.28647,4715.44288
2026-05-09 23:00:00,4715.38191,4715.5941,4715.31128,4715.45738
2026-05-10 03:00:00,4715.38191,4715.5941,4715.31128,4715.4877
2026-05-10 07:00:00,4715.38191,4715.59632,4715.31129,4715.4483
2026-05-10 11:00:00,4715.38413,4715.59632,4715.31353,4715.37718
2026-05-10 15:00:00,4715.38413,4715.59632,4715.31353,4715.34937
2026-05-10 19:00:00,4715.38413,4715.59632,4715.31352,4715.43968
2026-05-10 23:00:00,4715.38413,4715.59632,4715.31351,4715.46407
2026-05-11 03:00:00,4715.38413,4715.59632,4714.97949,4715.48243
2026-05-11 07:00:00,4715.37746,4719.90218,4674.95028,4680.5461
2026-05-11 11:00:00,4679.24531,4704.43677,4668.46813,4674.67988
2026-05-11 15:00:00,4673.8495,4680.88266,4649.21661,4667.613
2026-05-11 19:00:00,4667.87396,4699.81707,4652.63908,4697.36003
2026-05-11 23:00:00,4699.55214,4746.76034,4699.35991,4716.23903
2026-05-12 03:00:00,4715.78232,4738.48755,4714.53491,4735.46064
2026-05-12 07:00:00,4735.04061,4773.4977,4731.64938,4752.17651
2026-05-12 11:00:00,4753.95838,4754.88565,4711.96692,4714.95597
2026-05-12 15:00:00,4716.05084,4720.60748,4689.34704,4703.84724
2026-05-12 19:00:00,4703.78335,4711.12471,4686.18813,4702.72013
2026-05-12 23:00:00,4703.30714,4708.83024,4641.66357,4672.56871
2026-05-13 03:00:00,4673.15679,4718.20938,4672.02392,4715.30897
2026-05-13 07:00:00,4715.18842,4726.43751,4713.64601,4718.48726
2026-05-13 11:00:00,4717.41917,4717.41917,4688.56409,4699.48621
2026-05-13 15:00:00,4699.35774,4717.08335,4694.43472,4701.97358
2026-05-13 19:00:00,4701.82163,4708.2128,4676.9395,4684.28109
2026-05-13 23:00:00,4684.24768,4710.18978,4669.46693,4696.12943
2026-05-14 03:00:00,4696.21897,4701.11582,4679.96024,4688.61014
2026-05-14 07:00:00,4688.76102,4708.16224,4679.05163,4704.50626
2026-05-14 11:00:00,4702.43829,4712.73847,4671.52559,4703.20367
2026-05-14 15:00:00,4703.23315,4717.47809,4687.28087,4694.41254
2026-05-14 19:00:00,4694.61332,4708.72946,4689.42056,4705.18492
2026-05-14 23:00:00,4704.1183,4705.87828,4670.08,4678.13071
2026-05-15 03:00:00,4677.42986,4682.62933,4645.0047,4651.91243
2026-05-15 07:00:00,4651.6473,4664.83183,4614.17765,4626.21241
2026-05-15 11:00:00,4622.35142,4629.84397,4605.90734,4606.6718
2026-05-15 15:00:00,4606.63564,4606.80673,4552.24107,4554.08644
2026-05-15 19:00:00,4554.94768,4572.05503,4534.70673,4552.51953
2026-05-15 23:00:00,4552.53389,4566.42515,4512.32918,4544.21449
2026-05-16 03:00:00,4544.11,4564.72964,4534.12442,4540.14677
2026-05-16 07:00:00,4539.89139,4540.29512,4537.58499,4537.71385
2026-05-16 11:00:00,4537.74818,4537.97331,4537.67701,4537.8078
2026-05-16 15:00:00,4537.75519,4537.97009,4537.67852,4537.83089
2026-05-16 19:00:00,4537.74984,4537.95747,4537.66419,4537.84034
2026-05-16 23:00:00,4537.74039,4537.94457,4537.67238,4537.80719
2026-05-17 03:00:00,4537.74039,4537.94457,4537.67238,4537.72547
2026-05-17 07:00:00,4537.74039,4537.95073,4537.67237,4537.7153
2026-05-17 11:00:00,4537.74656,4537.95073,4537.67852,4537.78984
2026-05-17 15:00:00,4537.74656,4537.95072,4537.67852,4537.83114
2026-05-17 19:00:00,4537.74656,4537.95072,4537.67852,4537.84506
2026-05-17 23:00:00,4537.74656,4537.95071,4537.67852,4537.81823
2026-05-18 03:00:00,4537.74656,4537.96399,4537.41095,4537.71527
2026-05-18 07:00:00,4537.73389,4554.95988,4476.89916,4504.2515
2026-05-18 11:00:00,4504.32487,4547.72841,4492.80034,4539.89669
2026-05-18 15:00:00,4539.83574,4559.80333,4531.41797,4552.41557
2026-05-18 19:00:00,4552.76449,4575.15859,4533.65747,4568.38369
2026-05-18 23:00:00,4564.29012,4584.42213,4533.70812,4551.77845
2026-05-19 03:00:00,4552.73634,4567.49923,4528.85758,4566.17371
2026-05-19 07:00:00,4565.99461,4593.46333,4563.41248,4566.96629
2026-05-19 11:00:00,4565.77016,4572.57412,4538.69935,4541.72397
2026-05-19 15:00:00,4541.90705,4559.13194,4532.68063,4543.14034
2026-05-19 19:00:00,4543.38776,4547.4913,4526.52544,4538.92434
2026-05-19 23:00:00,4540.27283,4540.27283,4466.8781,4508.40677
2026-05-20 03:00:00,4507.94124,4510.42496,4481.29061,4481.85399
2026-05-20 07:00:00,4482.10568,4507.34698,4477.93826,4498.93306
2026-05-20 11:00:00,4499.65277,4501.46298,4454.14458,4461.64976
2026-05-20 15:00:00,4461.52856,4489.00216,4460.06412,4485.12818
2026-05-20 19:00:00,4485.14313,4505.31627,4472.59693,4495.04825
2026-05-20 23:00:00,4495.48189,4550.8328,4467.27719,4532.60385
2026-05-21 03:00:00,4532.73096,4550.48645,4530.01133,4544.05897
2026-05-21 07:00:00,4543.91433,4551.24704,4534.60488,4545.91293
2026-05-21 11:00:00,4545.97766,4571.01065,4527.55014,4538.54662
2026-05-21 15:00:00,4538.19667,4539.88287,4512.22814,4534.02235
2026-05-21 19:00:00,4533.78052,4542.56382,4503.08461,4503.3972
2026-05-21 23:00:00,4503.9758,4520.56285,4490.74906,4518.58291
2026-05-22 03:00:00,4518.07784,4558.71627,4514.51553,4543.10657
2026-05-22 07:00:00,4542.91896,4546.52149,4526.75415,4527.61355
2026-05-22 11:00:00,4528.99924,4535.97024,4519.43721,4527.31191
2026-05-22 15:00:00,4527.65189,4534.5134,4509.17617,4522.05821
2026-05-22 19:00:00,4522.11375,4537.26087,4510.5917,4521.26652
2026-05-22 23:00:00,4521.69578,4534.32484,4491.97264,4514.52883
2026-05-23 03:00:00,4513.85543,4528.57531,4504.70742,4508.84161
2026-05-23 07:00:00,4508.183,4509.37951,4504.3859,4505.71582
2026-05-23 11:00:00,4505.67952,4505.88029,4505.60636,4505.76315
2026-05-23 15:00:00,4505.6759,4505.88029,4505.60596,4505.77546
2026-05-23 19:00:00,4505.68038,4505.88836,4505.60596,4505.76138
2026-05-23 23:00:00,4505.68572,4505.88836,4505.61814,4505.6646
2026-05-24 03:00:00,4505.68572,4505.88837,4505.61814,4505.65833
2026-05-24 07:00:00,4505.68572,4505.88837,4505.61408,4505.71475
2026-05-24 11:00:00,4505.68166,4505.8843,4505.61408,4505.77208
2026-05-24 15:00:00,4505.68166,4505.88431,4505.61408,4505.7753
2026-05-24 19:00:00,4505.68166,4505.88432,4505.61408,4505.76258
2026-05-24 23:00:00,4505.68166,4505.88432,4505.61408,4505.65738
2026-05-25 03:00:00,4505.68166,4506.12833,4505.60175,4505.64909
2026-05-25 07:00:00,4505.67354,4579.56673,4503.98456,4568.71546
2026-05-25 11:00:00,4569.07151,4573.9377,4557.64688,4564.77695
2026-05-25 15:00:00,4564.85518,4566.21815,4551.03991,4556.30898
2026-05-25 19:00:00,4556.20648,4576.86304,4553.73406,4566.74503
2026-05-25 23:00:00,4567.42311,4574.3939,4560.4305,4573.35177
2026-05-26 03:00:00,4573.18132,4577.5753,4563.29287,4571.23972
2026-05-26 07:00:00,4571.17382,4580.93828,4540.08899,4544.02091
2026-05-26 11:00:00,4545.3704,4550.21158,4524.27272,4524.49545
2026-05-26 15:00:00,4525.00347,4539.0586,4521.00005,4523.18415
2026-05-26 19:00:00,4523.45578,4540.08899,4501.04553,4520.73812
2026-05-26 23:00:00,4521.61696,4530.01133,4500.24751,4505.66026
2026-05-27 03:00:00,4505.4691,4511.6685,4482.69679,4507.58338
2026-05-27 07:00:00,4507.27263,4527.94941,4498.62792,4516.34207
2026-05-27 11:00:00,4517.65738,4521.00005,4497.21173,4509.94726
2026-05-27 15:00:00,4510.17328,4514.50483,4476.47612,4496.38042
2026-05-27 19:00:00,4496.01539,4497.99739,4424.7065,4439.2502
2026-05-27 23:00:00,4440.82617,4454.68089,4402.37728,4450.65203
2026-05-28 03:00:00,4450.4116,4459.18452,4442.27267,4456.29881
2026-05-28 07:00:00,4456.18342,4466.27959,4443.50979,4456.6696
2026-05-28 11:00:00,4455.69908,4459.95745,4367.19364,4374.32509
2026-05-28 15:00:00,4373.97787,4396.30279,4368.71997,4386.73152
2026-05-28 19:00:00,4386.80372,4430.46299,4378.58925,4426.93554
2026-05-28 23:00:00,4426.97342,4510.31792,4418.83392,4509.01053
2026-05-29 03:00:00,4509.11354,4516.50784,4494.76221,4496.36988
2026-05-29 07:00:00,4496.26762,4500.24751,4489.49398,4493.94233
2026-05-29 11:00:00,4494.52438,4519.85957,4494.38202,4514.32445
2026-05-29 15:00:00,4514.03722,4525.96491,4502.88184,4514.77145
2026-05-29 19:00:00,4514.56358,4542.56382,4513.55815,4520.66767
2026-05-29 23:00:00,4518.60098,4594.65168,4516.71183,4566.86892
2026-05-30 03:00:00,4566.54242,4569.26671,4539.92996,4540.15778
2026-05-30 07:00:00,4540.56315,4542.85519,4538.64658,4542.56917
2026-05-30 11:00:00,4542.4689,4542.67383,4542.39494,4542.55729
2026-05-30 15:00:00,4542.4645,4542.67178,4542.39666,4542.56682
2026-05-30 19:00:00,4542.4649,4542.67328,4542.39667,4542.43618
2026-05-30 23:00:00,4542.4689,4542.67329,4542.4008,4542.45862
2026-05-31 03:00:00,4542.4689,4542.67329,4542.4008,4542.52645
2026-05-31 07:00:00,4542.4689,4542.67329,4542.40081,4542.57026
2026-05-31 11:00:00,4542.4689,4542.6733,4542.40081,4542.5452
2026-05-31 15:00:00,4542.4689,4542.6733,4542.40082,4542.57321
2026-05-31 19:00:00,4542.4689,4542.6733,4542.40082,4542.43531
2026-05-31 23:00:00,4542.4689,4542.6733,4542.40083,4542.46295
2026-06-01 03:00:00,4542.4689,4542.84688,4542.32919,4542.5767
2026-06-01 07:00:00,4542.51773,4547.2852,4516.71183,4538.07634
2026-06-01 11:00:00,4538.93792,4542.09382,4509.58286,4514.02489
2026-06-01 15:00:00,4513.68334,4523.78096,4491.22979,4497.31116
2026-06-01 19:00:00,4497.05106,4512.22814,4490.95073,4500.10601
2026-06-01 23:00:00,4500.25285,4503.09932,4447.44688,4478.99334
2026-06-02 03:00:00,4479.37056,4495.79643,4465.01534,4484.65892
2026-06-02 07:00:00,4483.98323,4496.80727,4465.88067,4482.27458
2026-06-02 11:00:00,4482.49472,4517.23392,4464.08642,4516.84972
2026-06-02 15:00:00,4516.04604,4540.08899,4515.70631,4526.41102
2026-06-02 19:00:00,4526.48309,4536.1947,4514.16782,4514.83376
2026-06-02 23:00:00,4516.33656,4524.23017,4487.16058,4491.17467
2026-06-03 03:00:00,4490.64748,4492.40082,4477.76652,4488.67153
2026-06-03 07:00:00,4488.40791,4496.20071,4462.33888,4486.63196
2026-06-03 11:00:00,4487.23764,4488.1289,4464.88369,4469.27482
2026-06-03 15:00:00,4469.32354,4474.0985,4441.48346,4441.83416
2026-06-03 19:00:00,4442.28268,4467.68532,4438.96384,4462.07739
2026-06-03 23:00:00,4461.46832,4465.28243,4429.09026,4442.88944
2026-06-04 03:00:00,4442.16451,4452.32841,4431.21076,4434.46857
2026-06-04 07:00:00,4434.26768,4464.08642,4424.58298,4447.76251
2026-06-04 11:00:00,4447.83991,4484.57924,4445.43232,4480.68768
2026-06-04 15:00:00,4480.36476,4482.27836,4458.91113,4463.79734
2026-06-04 19:00:00,4464.12794,4515.39736,4460.18025,4504.28119
2026-06-04 23:00:00,4504.60027,4515.79837,4458.71232,4482.76326
2026-06-05 03:00:00,4483.08205,4483.08431,4473.26142,4475.96582
2026-06-05 07:00:00,4475.678,4481.29061,4451.56695,4461.52126
2026-06-05 11:00:00,4463.56351,4469.07401,4434.5795,4445.29336
2026-06-05 15:00:00,4445.41401,4467.07764,4429.15481,4463.21456
2026-06-05 19:00:00,4463.10937,4476.39626,4408.76939,4411.66698
2026-06-05 23:00:00,4411.89295,4420.28025,4325.63371,4343.24563
2026-06-06 03:00:00,4342.87369,4348.51577,4312.20354,4328.95948
2026-06-06 07:00:00,4328.79582,4330.46662,4328.01662,4330.17559
2026-06-06 11:00:00,4330.10444,4330.30885,4330.04033,4330.2016
2026-06-06 15:00:00,4330.10429,4330.30991,4330.03784,4330.16151
2026-06-06 19:00:00,4330.10466,4330.30678,4330.03784,4330.09453
2026-06-06 23:00:00,4330.10279,4330.29756,4330.03784,4330.07122
2026-06-07 03:00:00,4330.10279,4330.29757,4330.03784,4330.15149
2026-06-07 07:00:00,4330.10279,4330.29946,4330.03784,4330.1798
2026-06-07 11:00:00,4330.10466,4330.29946,4330.03972,4330.20071
2026-06-07 15:00:00,4330.10466,4330.29947,4330.03973,4330.16557
2026-06-07 19:00:00,4330.10466,4330.29947,4330.03973,4330.09253
2026-06-07 23:00:00,4330.10466,4330.29948,4330.03973,4330.07416
2026-06-08 03:00:00,4330.10466,4331.8172,4329.00433,4330.1492
2026-06-08 07:00:00,4330.10644,4352.93606,4309.97328,4343.45487
2026-06-08 11:00:00,4343.36404,4343.36404,4303.66932,4309.24093
2026-06-08 15:00:00,4309.47875,4318.61325,4268.19299,4289.36555
2026-06-08 19:00:00,4288.95894,4338.39479,4272.52932,4332.80719
2026-06-08 23:00:00,4331.0684,4345.93655,4315.92577,4341.40222
2026-06-09 03:00:00,4341.27052,4346.08966,4323.95036,4330.19194
2026-06-09 07:00:00,4330.08007,4332.38021,4313.69166,4320.59116
2026-06-09 11:00:00,4320.02048,4341.59684,4320.02048,4329.13157
2026-06-09 15:00:00,4328.98583,4350.28494,4320.96098,4327.07122
2026-06-09 19:00:00,4327.61094,4344.13944,4325.69878,4340.04207
2026-06-09 23:00:00,4339.50849,4359.95814,4236.57007,4249.08022
2026-06-10 03:00:00,4248.36187,4276.3012,4248.36187,4260.08482
2026-06-10 07:00:00,4260.09729,4266.04904,4200.62169,4217.50794
2026-06-10 11:00:00,4215.85099,4221.96451,4172.56917,4174.98234
2026-06-10 15:00:00,4174.87617,4223.93616,4160.94537,4168.84634
2026-06-10 19:00:00,4169.32815,4177.80749,4134.11055,4144.53167
2026-06-10 23:00:00,4145.18388,4184.8008,4107.11352,4121.19878
2026-06-11 03:00:00,4120.66051,4133.93964,4067.52085,4071.58097
2026-06-11 07:00:00,4071.20709,4077.67328,4023.49722,4076.80783
2026-06-11 11:00:00,4076.28737,4116.97393,4054.328,4082.17731
2026-06-11 15:00:00,4082.65812,4112.51851,4072.32448,4086.04396
2026-06-11 19:00:00,4086.42472,4095.84272,4057.78283,4076.53213
2026-06-11 23:00:00,4077.91039,4106.10167,4053.79247,4082.22428
2026-06-12 03:00:00,4081.67764,4217.98549,4072.32448,4211.07514
2026-06-12 07:00:00,4211.30068,4245.20292,4201.50414,4204.94301
2026-06-12 11:00:00,4203.30225,4207.3376,4172.05557,4190.71136
2026-06-12 15:00:00,4191.07794,4225.47114,4170.14178,4221.41302
2026-06-12 19:00:00,4222.04787,4229.55647,4190.12355,4190.25349
2026-06-12 23:00:00,4190.75164,4237.39412,4168.76731,4217.24462
