Datetime,US100,DXY
2026-01-02 14:00:00,25298.0,98.39299774169922
2026-01-02 16:00:00,25192.626953125,98.3239974975586
2026-01-02 16:00:00,25198.7265625,98.3239974975586
2026-01-02 18:00:00,25148.025390625,98.46499633789062
2026-01-02 18:00:00,25220.990234375,98.46499633789062
2026-01-02 20:00:00,25247.658203125,98.4530029296875
2026-01-02 20:00:00,25204.828125,98.4530029296875
2026-01-05 14:00:00,25489.83203125,98.63200378417969
2026-01-05 16:00:00,25500.966796875,98.36299896240234
2026-01-05 16:00:00,25443.63671875,98.36299896240234
2026-01-05 18:00:00,25418.12109375,98.28399658203125
2026-01-05 18:00:00,25403.013671875,98.28399658203125
2026-01-05 20:00:00,25414.43359375,98.29100036621094
2026-01-05 20:00:00,25402.388671875,98.29100036621094
2026-01-06 14:00:00,25585.869140625,98.4020004272461
2026-01-06 16:00:00,25497.5078125,98.59700012207031
2026-01-06 16:00:00,25549.8984375,98.59700012207031
2026-01-06 18:00:00,25577.03125,98.58499908447266
2026-01-06 18:00:00,25623.53515625,98.58499908447266
2026-01-06 20:00:00,25624.552734375,98.58300018310547
2026-01-06 20:00:00,25644.853515625,98.58300018310547
2026-01-07 14:00:00,25685.46484375,98.52300262451172
2026-01-07 16:00:00,25711.2265625,98.63099670410156
2026-01-07 16:00:00,25802.24609375,98.63099670410156
2026-01-07 18:00:00,25752.251953125,98.6709976196289
2026-01-07 18:00:00,25721.138671875,98.6709976196289
2026-01-07 20:00:00,25679.673828125,98.71099853515625
2026-01-07 20:00:00,25654.546875,98.71099853515625
2026-01-08 14:00:00,25525.451171875,98.84600067138672
2026-01-08 16:00:00,25450.939453125,98.90299987792969
2026-01-08 16:00:00,25462.501953125,98.90299987792969
2026-01-08 18:00:00,25484.708984375,98.96600341796875
2026-01-08 18:00:00,25452.2578125,98.96600341796875
2026-01-08 20:00:00,25497.23828125,98.91899871826172
2026-01-08 20:00:00,25507.515625,98.91899871826172
2026-01-09 14:00:00,25679.044921875,99.11199951171875
2026-01-09 16:00:00,25690.533203125,99.14600372314453
2026-01-09 16:00:00,25739.05859375,99.14600372314453
2026-01-09 18:00:00,25735.951171875,99.14099884033203
2026-01-09 18:00:00,25786.69921875,99.14099884033203
2026-01-09 20:00:00,25794.8984375,99.13600158691406
2026-01-09 20:00:00,25762.583984375,99.13600158691406
2026-01-12 14:00:00,25755.828125,98.8239974975586
2026-01-12 16:00:00,25771.1328125,98.87699890136719
2026-01-12 16:00:00,25794.7734375,98.87699890136719
2026-01-12 18:00:00,25823.8125,98.88999938964844
2026-01-12 18:00:00,25829.595703125,98.88999938964844
2026-01-12 20:00:00,25824.154296875,98.91400146484375
2026-01-12 20:00:00,25786.953125,98.91400146484375
2026-01-13 14:00:00,25677.962890625,98.99199676513672
2026-01-13 16:00:00,25741.0625,99.14199829101562
2026-01-13 16:00:00,25801.779296875,99.14199829101562
2026-01-13 18:00:00,25713.318359375,99.0989990234375
2026-01-13 18:00:00,25701.306640625,99.0989990234375
2026-01-13 20:00:00,25664.470703125,99.1510009765625
2026-01-13 20:00:00,25743.798828125,99.1510009765625
2026-01-14 14:00:00,25452.2578125,98.97599792480469
2026-01-14 16:00:00,25417.033203125,98.98500061035156
2026-01-14 16:00:00,25332.734375,98.98500061035156
2026-01-14 18:00:00,25336.712890625,99.12200164794922
2026-01-14 18:00:00,25351.544921875,99.12200164794922
2026-01-14 20:00:00,25398.712890625,99.11199951171875
2026-01-14 20:00:00,25469.87109375,99.11199951171875
2026-01-15 14:00:00,25696.89453125,99.4280014038086
2026-01-15 16:00:00,25740.958984375,99.36599731445312
2026-01-15 16:00:00,25718.390625,99.36599731445312
2026-01-15 18:00:00,25735.298828125,99.3030014038086
2026-01-15 18:00:00,25638.095703125,99.3030014038086
2026-01-15 20:00:00,25556.083984375,99.38999938964844
2026-01-15 20:00:00,25545.123046875,99.38999938964844
2026-01-16 14:00:00,25517.6328125,99.23400115966797
2026-01-16 16:00:00,25561.06640625,99.375
2026-01-16 16:00:00,25548.14453125,99.375
2026-01-16 18:00:00,25563.009765625,99.40499877929688
2026-01-16 18:00:00,25528.57421875,99.40499877929688
2026-01-16 20:00:00,25557.4140625,99.37100219726562
2026-01-16 20:00:00,25527.27734375,99.37100219726562
2026-01-20 14:00:00,25214.732421875,98.572998046875
2026-01-20 16:00:00,25258.1015625,98.41799926757812
2026-01-20 16:00:00,25193.080078125,98.41799926757812
2026-01-20 18:00:00,25104.66015625,98.52999877929688
2026-01-20 18:00:00,25015.54296875,98.52999877929688
2026-01-20 20:00:00,24983.259765625,98.59400177001953
2026-01-20 20:00:00,24989.302734375,98.59400177001953
2026-01-21 14:00:00,25233.908203125,98.50700378417969
2026-01-21 16:00:00,25315.28515625,98.66200256347656
2026-01-21 16:00:00,25069.193359375,98.66200256347656
2026-01-21 18:00:00,25092.806640625,98.71099853515625
2026-01-21 18:00:00,25289.560546875,98.71099853515625
2026-01-21 20:00:00,25342.5625,98.78600311279297
2026-01-21 20:00:00,25323.029296875,98.78600311279297
2026-01-22 14:00:00,25454.53125,98.5739974975586
2026-01-22 16:00:00,25528.484375,98.39199829101562
2026-01-22 16:00:00,25535.013671875,98.39199829101562
2026-01-22 18:00:00,25557.103515625,98.31999969482422
2026-01-22 18:00:00,25565.123046875,98.31999969482422
2026-01-22 20:00:00,25468.208984375,98.3290023803711
2026-01-22 20:00:00,25517.490234375,98.3290023803711
2026-01-23 14:00:00,25617.24609375,98.27799987792969
2026-01-23 16:00:00,25657.892578125,98.0199966430664
2026-01-23 16:00:00,25663.44140625,98.0199966430664
2026-01-23 18:00:00,25620.251953125,97.75299835205078
2026-01-23 18:00:00,25613.171875,97.75299835205078
2026-01-23 20:00:00,25578.0625,97.51399993896484
2026-01-23 20:00:00,25601.705078125,97.51399993896484
2026-01-26 14:00:00,25711.810546875,96.97699737548828
2026-01-26 16:00:00,25770.919921875,96.9540023803711
2026-01-26 16:00:00,25781.740234375,96.9540023803711
2026-01-26 18:00:00,25775.197265625,97.02999877929688
2026-01-26 18:00:00,25769.091796875,97.02999877929688
2026-01-26 20:00:00,25750.146484375,97.02200317382812
2026-01-26 20:00:00,25713.259765625,97.02200317382812
2026-01-27 14:00:00,25916.896484375,96.47000122070312
2026-01-27 16:00:00,25958.08203125,96.22799682617188
2026-01-27 16:00:00,25953.16796875,96.22799682617188
2026-01-27 18:00:00,25946.88671875,96.21399688720703
2026-01-27 18:00:00,25961.056640625,96.21399688720703
2026-01-27 20:00:00,25965.939453125,95.84200286865234
2026-01-27 20:00:00,25940.65234375,95.84200286865234
2026-01-28 14:00:00,26092.9140625,96.27100372314453
2026-01-28 16:00:00,26053.88671875,96.47799682617188
2026-01-28 16:00:00,25998.921875,96.47799682617188
2026-01-28 18:00:00,26032.3125,96.6050033569336
2026-01-28 18:00:00,25992.6328125,96.6050033569336
2026-01-28 20:00:00,26044.962890625,96.39399719238281
2026-01-28 20:00:00,26018.7421875,96.39399719238281
2026-01-29 14:00:00,25615.80859375,96.17500305175781
2026-01-29 16:00:00,25569.328125,96.33499908447266
2026-01-29 16:00:00,25718.427734375,96.33499908447266
2026-01-29 18:00:00,25727.951171875,96.23999786376953
2026-01-29 18:00:00,25759.1640625,96.23999786376953
2026-01-29 20:00:00,25730.134765625,96.2020034790039
2026-01-29 20:00:00,25878.1875,96.2020034790039
2026-01-30 14:00:00,25681.283203125,96.7020034790039
2026-02-02 18:00:00,25809.794921875,97.69999694824219
2026-02-02 20:00:00,25750.453125,97.59700012207031
2026-02-02 20:00:00,25737.904296875,97.59700012207031
2026-02-03 14:00:00,25437.65234375,97.58799743652344
2026-02-03 16:00:00,25390.88671875,97.38400268554688
2026-02-03 16:00:00,25310.4375,97.38400268554688
2026-02-03 18:00:00,25225.244140625,97.4520034790039
2026-02-03 18:00:00,25187.091796875,97.4520034790039
2026-02-03 20:00:00,25226.330078125,97.37100219726562
2026-02-03 20:00:00,25343.71875,97.37100219726562
2026-02-04 14:00:00,25142.609375,97.50900268554688
2026-02-04 16:00:00,25027.171875,97.62899780273438
2026-02-04 16:00:00,24784.033203125,97.62899780273438
2026-02-04 18:00:00,24842.8828125,97.66899871826172
2026-02-04 18:00:00,24857.4375,97.66899871826172
2026-02-04 20:00:00,24957.96875,97.66400146484375
2026-02-04 20:00:00,24891.271484375,97.66400146484375
2026-02-05 14:00:00,24482.5390625,97.79299926757812
2026-02-05 16:00:00,24674.572265625,97.7699966430664
2026-02-05 16:00:00,24741.6484375,97.7699966430664
2026-02-05 18:00:00,24634.541015625,97.81999969482422
2026-02-05 18:00:00,24665.84765625,97.81999969482422
2026-02-05 20:00:00,24534.88671875,97.93099975585938
2026-02-05 20:00:00,24556.0859375,97.93099975585938
2026-02-06 14:00:00,24810.615234375,97.59300231933594
2026-02-06 16:00:00,24913.70703125,97.66999816894531
2026-02-06 16:00:00,24979.9921875,97.66999816894531
2026-02-06 18:00:00,25000.94140625,97.62799835205078
2026-02-06 18:00:00,25016.693359375,97.62799835205078
2026-02-06 20:00:00,25019.73046875,97.61199951171875
2026-02-06 20:00:00,25072.828125,97.61199951171875
2026-02-09 14:00:00,25098.55078125,96.89199829101562
2026-02-09 16:00:00,25267.681640625,97.00700378417969
2026-02-09 16:00:00,25294.25390625,97.00700378417969
2026-02-09 18:00:00,25255.412109375,96.86399841308594
2026-02-09 18:00:00,25329.89453125,96.86399841308594
2026-02-09 20:00:00,25275.94140625,96.86100006103516
2026-02-09 20:00:00,25262.845703125,96.86100006103516
2026-02-10 14:00:00,25318.8515625,96.7020034790039
2026-02-10 16:00:00,25265.88671875,96.80599975585938
2026-02-10 16:00:00,25281.904296875,96.80599975585938
2026-02-10 18:00:00,25208.8984375,96.88600158691406
2026-02-10 18:00:00,25214.203125,96.88600158691406
2026-02-10 20:00:00,25169.548828125,96.85800170898438
2026-02-10 20:00:00,25121.166015625,96.85800170898438
2026-02-11 14:00:00,25003.337890625,96.9739990234375
2026-02-11 16:00:00,25117.771484375,96.80699920654297
2026-02-11 16:00:00,25203.576171875,96.80699920654297
2026-02-11 18:00:00,25193.677734375,96.78299713134766
2026-02-11 18:00:00,25265.197265625,96.78299713134766
2026-02-11 20:00:00,25202.232421875,96.92500305175781
2026-02-11 20:00:00,25194.892578125,96.92500305175781
2026-02-12 14:00:00,25154.5546875,96.80400085449219
2026-02-12 16:00:00,24737.904296875,96.9010009765625
2026-02-12 16:00:00,24795.4375,96.9010009765625
2026-02-12 18:00:00,24763.328125,96.97599792480469
2026-02-12 18:00:00,24792.08984375,96.97599792480469
2026-02-12 20:00:00,24724.681640625,96.91300201416016
2026-02-12 20:00:00,24693.134765625,96.91300201416016
2026-02-13 14:00:00,24782.876953125,96.99299621582031
2026-02-13 16:00:00,24770.0,96.91400146484375
2026-02-13 16:00:00,24878.474609375,96.91400146484375
2026-02-13 18:00:00,24877.185546875,96.86499786376953
2026-02-13 18:00:00,24850.142578125,96.86499786376953
2026-02-13 20:00:00,24694.94140625,96.86000061035156
2026-02-13 20:00:00,24737.861328125,96.86000061035156
2026-02-17 14:00:00,24462.111328125,97.37899780273438
2026-02-17 16:00:00,24660.236328125,97.31500244140625
2026-02-17 16:00:00,24680.41015625,97.31500244140625
2026-02-17 18:00:00,24698.896484375,97.16600036621094
2026-02-17 18:00:00,24766.748046875,97.16600036621094
2026-02-17 20:00:00,24706.0234375,97.14199829101562
2026-02-17 20:00:00,24709.6484375,97.14199829101562
2026-02-18 14:00:00,24989.083984375,97.46499633789062
2026-02-18 16:00:00,25024.87109375,97.51300048828125
2026-02-18 16:00:00,25022.552734375,97.51300048828125
2026-02-18 18:00:00,24994.68359375,97.66699981689453
2026-02-18 18:00:00,24925.078125,97.66699981689453
2026-02-18 20:00:00,24812.703125,97.73200225830078
2026-02-18 20:00:00,24891.728515625,97.73200225830078
2026-02-19 14:00:00,24797.828125,98.00199890136719
2026-02-19 16:00:00,24813.849609375,97.9280014038086
2026-02-19 16:00:00,24796.04296875,97.9280014038086
2026-02-19 18:00:00,24724.169921875,97.86599731445312
2026-02-19 18:00:00,24741.30078125,97.86599731445312
2026-02-19 20:00:00,24723.169921875,97.88200378417969
2026-02-19 20:00:00,24795.70703125,97.88200378417969
2026-02-20 14:00:00,24912.142578125,97.90699768066406
2026-02-20 16:00:00,24924.955078125,97.77999877929688
2026-02-20 16:00:00,24865.96875,97.77999877929688
2026-02-20 18:00:00,24909.330078125,97.74199676513672
2026-02-20 18:00:00,24991.55859375,97.74199676513672
2026-02-20 20:00:00,24961.41796875,97.75800323486328
2026-02-20 20:00:00,25012.408203125,97.75800323486328
2026-02-23 14:00:00,24815.45703125,97.58000183105469
2026-02-23 16:00:00,24719.47265625,97.58599853515625
2026-02-23 16:00:00,24689.763671875,97.58599853515625
2026-02-23 18:00:00,24753.203125,97.64299774169922
2026-02-23 18:00:00,24659.853515625,97.64299774169922
2026-02-23 20:00:00,24654.27734375,97.7249984741211
2026-02-23 20:00:00,24714.083984375,97.7249984741211
2026-02-24 14:00:00,24956.931640625,97.91200256347656
2026-02-24 16:00:00,24959.255859375,97.76200103759766
2026-02-24 16:00:00,25004.025390625,97.76200103759766
2026-02-24 18:00:00,24963.9921875,97.84100341796875
2026-02-24 18:00:00,24949.2265625,97.84100341796875
2026-02-24 20:00:00,24945.390625,97.8759994506836
2026-02-24 20:00:00,24976.3046875,97.8759994506836
2026-02-25 14:00:00,25283.974609375,97.86900329589844
2026-02-25 16:00:00,25250.822265625,97.7040023803711
2026-02-25 16:00:00,25269.994140625,97.7040023803711
2026-02-25 18:00:00,25287.931640625,97.7030029296875
2026-02-25 18:00:00,25320.224609375,97.7030029296875
2026-02-25 20:00:00,25318.271484375,97.69599914550781
2026-02-25 20:00:00,25331.44921875,97.69599914550781
2026-02-26 14:00:00,24892.962890625,97.64199829101562
2026-02-26 16:00:00,25015.9765625,97.80500030517578
2026-02-26 16:00:00,24923.556640625,97.80500030517578
2026-02-26 18:00:00,24875.955078125,97.90699768066406
2026-02-26 18:00:00,25001.58984375,97.90699768066406
2026-02-26 20:00:00,24981.26953125,97.76300048828125
2026-02-26 20:00:00,25035.546875,97.76300048828125
2026-02-27 14:00:00,24927.60546875,97.78900146484375
2026-02-27 16:00:00,24926.890625,97.62300109863281
2026-02-27 16:00:00,24910.021484375,97.62300109863281
2026-02-27 18:00:00,24868.51171875,97.61699676513672
2026-02-27 18:00:00,24864.26171875,97.61699676513672
2026-02-27 20:00:00,24936.5234375,97.6510009765625
2026-02-27 20:00:00,24966.830078125,97.6510009765625
2026-03-02 14:00:00,24833.296875,98.40499877929688
2026-03-02 16:00:00,24831.158203125,98.59700012207031
2026-03-02 16:00:00,25007.642578125,98.59700012207031
2026-03-02 18:00:00,24995.7734375,98.53299713134766
2026-03-02 18:00:00,25037.66015625,98.53299713134766
2026-03-02 20:00:00,24929.119140625,98.5510025024414
2026-03-02 20:00:00,24989.4375,98.5510025024414
2026-03-03 14:00:00,24318.509765625,99.4209976196289
2026-03-03 16:00:00,24583.333984375,99.13700103759766
2026-03-03 16:00:00,24670.55859375,99.13700103759766
2026-03-03 18:00:00,24711.83984375,99.04000091552734
2026-03-03 18:00:00,24719.89453125,99.04000091552734
2026-03-03 20:00:00,24742.2578125,99.01599884033203
2026-03-03 20:00:00,24725.224609375,99.01599884033203
2026-03-04 14:00:00,25090.03125,98.9280014038086
2026-03-04 16:00:00,25064.966796875,98.80000305175781
2026-03-04 16:00:00,25096.984375,98.80000305175781
2026-03-04 18:00:00,25134.52734375,98.90699768066406
2026-03-04 18:00:00,25158.78125,98.90699768066406
2026-03-04 20:00:00,25117.025390625,98.7760009765625
2026-03-04 20:00:00,25089.771484375,98.7760009765625
2026-03-05 14:00:00,24968.8515625,99.05500030517578
2026-03-05 16:00:00,24936.60546875,99.2300033569336
2026-03-05 16:00:00,24917.078125,99.2300033569336
2026-03-05 18:00:00,24762.265625,99.2249984741211
2026-03-05 18:00:00,24808.46875,99.2249984741211
2026-03-05 20:00:00,24921.22265625,99.06600189208984
2026-03-05 20:00:00,25021.14453125,99.06600189208984
2026-03-06 14:00:00,24788.8359375,99.23200225830078
2026-03-06 16:00:00,24812.2734375,98.94999694824219
2026-03-06 16:00:00,24786.943359375,98.94999694824219
2026-03-06 18:00:00,24802.513671875,98.99800109863281
2026-03-06 18:00:00,24787.6015625,98.99800109863281
2026-03-06 20:00:00,24623.638671875,98.96199798583984
2026-03-06 20:00:00,24641.77734375,98.96199798583984
2026-03-09 14:00:00,24373.66015625,99.20600128173828
2026-03-09 14:00:00,24617.318359375,99.20600128173828
2026-03-09 16:00:00,24660.759765625,99.06999969482422
2026-03-09 16:00:00,24584.134765625,99.06999969482422
2026-03-09 18:00:00,24620.70703125,99.17500305175781
2026-03-09 18:00:00,24925.291015625,99.17500305175781
2026-03-09 20:00:00,24967.349609375,98.72899627685547
2026-03-10 14:00:00,24977.408203125,98.60399627685547
2026-03-10 14:00:00,25112.591796875,98.60399627685547
2026-03-10 16:00:00,25105.619140625,98.60700225830078
2026-03-10 16:00:00,25184.58203125,98.60700225830078
2026-03-10 18:00:00,25039.083984375,98.82599639892578
2026-03-10 18:00:00,24962.744140625,98.82599639892578
2026-03-10 20:00:00,24958.8515625,98.93299865722656
2026-03-11 14:00:00,25001.185546875,99.13099670410156
2026-03-11 14:00:00,24929.005859375,99.13099670410156
2026-03-11 16:00:00,24928.119140625,99.2239990234375
2026-03-11 16:00:00,24982.751953125,99.2239990234375
2026-03-11 18:00:00,24924.107421875,99.23100280761719
2026-03-11 18:00:00,24913.056640625,99.23100280761719
2026-03-11 20:00:00,24962.685546875,99.26599884033203
2026-03-12 14:00:00,24604.37109375,99.62999725341797
2026-03-12 14:00:00,24601.13671875,99.62999725341797
2026-03-12 16:00:00,24620.08203125,99.65499877929688
2026-03-12 16:00:00,24630.2109375,99.65499877929688
2026-03-12 18:00:00,24614.078125,99.73899841308594
2026-03-12 18:00:00,24592.791015625,99.73899841308594
2026-03-12 20:00:00,24532.05859375,99.74800109863281
2026-03-13 14:00:00,24664.89453125,100.1760025024414
2026-03-13 14:00:00,24452.271484375,100.1760025024414
2026-03-13 16:00:00,24430.5546875,100.3219985961914
2026-03-13 16:00:00,24435.40625,100.3219985961914
2026-03-13 18:00:00,24395.013671875,100.36199951171875
2026-03-13 18:00:00,24359.09375,100.36199951171875
2026-03-13 20:00:00,24379.767578125,100.49500274658203
2026-03-16 14:00:00,24704.890625,99.91699981689453
2026-03-16 14:00:00,24700.302734375,99.91699981689453
2026-03-16 16:00:00,24616.51171875,99.9020004272461
2026-03-16 16:00:00,24681.462890625,99.9020004272461
2026-03-16 18:00:00,24701.330078125,99.71199798583984
2026-03-16 18:00:00,24664.322265625,99.71199798583984
2026-03-16 20:00:00,24655.982421875,99.80999755859375
2026-03-17 14:00:00,24830.21875,99.60099792480469
2026-03-17 14:00:00,24782.990234375,99.60099792480469
2026-03-17 16:00:00,24781.8125,99.63400268554688
2026-03-17 16:00:00,24787.279296875,99.63400268554688
2026-03-17 18:00:00,24773.07421875,99.57499694824219
2026-03-17 18:00:00,24776.939453125,99.57499694824219
2026-03-17 20:00:00,24783.9375,99.55599975585938
2026-03-18 14:00:00,24606.416015625,99.78700256347656
2026-03-18 14:00:00,24664.173828125,99.78700256347656
2026-03-18 16:00:00,24662.517578125,99.81400299072266
2026-03-18 16:00:00,24604.892578125,99.81400299072266
2026-03-18 18:00:00,24627.751953125,100.08599853515625
2026-03-18 18:00:00,24496.021484375,100.08599853515625
2026-03-18 20:00:00,24422.98828125,100.29299926757812
2026-03-19 14:00:00,24208.263671875,99.69999694824219
2026-03-19 14:00:00,24247.978515625,99.69999694824219
2026-03-19 16:00:00,24255.19140625,99.56900024414062
2026-03-19 16:00:00,24231.994140625,99.56900024414062
2026-03-19 18:00:00,24254.154296875,99.23200225830078
2026-03-19 18:00:00,24372.482421875,99.23200225830078
2026-03-19 20:00:00,24352.7265625,99.19300079345703
2026-03-20 14:00:00,24062.765625,99.72699737548828
2026-03-20 14:00:00,24055.330078125,99.72699737548828
2026-03-20 16:00:00,24094.689453125,99.5780029296875
2026-03-20 16:00:00,24021.93359375,99.5780029296875
2026-03-20 18:00:00,23931.916015625,99.64700317382812
2026-03-20 18:00:00,23841.515625,99.64700317382812
2026-03-20 20:00:00,23899.818359375,99.50299835205078
2026-03-23 14:00:00,24417.310546875,99.06999969482422
2026-03-23 14:00:00,24390.298828125,99.06999969482422
2026-03-23 16:00:00,24099.546875,99.2979965209961
2026-03-23 16:00:00,24144.8359375,99.2979965209961
2026-03-23 18:00:00,24230.53125,98.94999694824219
2026-03-23 18:00:00,24258.685546875,98.94999694824219
2026-03-23 20:00:00,24189.81640625,99.13700103759766
2026-03-24 14:00:00,23997.455078125,99.34500122070312
2026-03-24 14:00:00,24127.638671875,99.34500122070312
2026-03-24 16:00:00,24116.892578125,99.42400360107422
2026-03-24 16:00:00,23989.36328125,99.42400360107422
2026-03-24 18:00:00,24046.240234375,99.43399810791016
2026-03-24 18:00:00,24055.765625,99.43399810791016
2026-03-24 20:00:00,24004.56640625,99.22599792480469
2026-03-25 14:00:00,24259.544921875,99.41899871826172
2026-03-25 14:00:00,24214.337890625,99.41899871826172
2026-03-25 16:00:00,24198.53515625,99.55899810791016
2026-03-25 16:00:00,24220.248046875,99.55899810791016
2026-03-25 18:00:00,24203.435546875,99.5989990234375
2026-03-25 18:00:00,24146.904296875,99.5989990234375
2026-03-25 20:00:00,24163.140625,99.63899993896484
2026-03-26 14:00:00,23968.830078125,99.75
2026-03-26 14:00:00,23881.13671875,99.75
2026-03-26 16:00:00,23804.607421875,99.86599731445312
2026-03-26 16:00:00,23753.310546875,99.86599731445312
2026-03-26 18:00:00,23648.388671875,99.9000015258789
2026-03-26 18:00:00,23643.052734375,99.9000015258789
2026-03-26 20:00:00,23599.400390625,99.94100189208984
2026-03-27 14:00:00,23291.3671875,99.96499633789062
2026-03-27 14:00:00,23363.5,99.96499633789062
2026-03-27 16:00:00,23291.09375,100.08899688720703
2026-03-27 16:00:00,23195.365234375,100.08899688720703
2026-03-27 18:00:00,23177.892578125,100.1510009765625
2026-03-27 18:00:00,23147.771484375,100.1510009765625
2026-03-27 20:00:00,23136.48828125,100.18399810791016
2026-03-30 14:00:00,23141.611328125,100.46199798583984
2026-03-30 14:00:00,23146.06640625,100.46199798583984
2026-03-30 16:00:00,23091.6328125,100.49299621582031
2026-03-30 16:00:00,23011.72265625,100.49299621582031
2026-03-30 18:00:00,22971.03515625,100.50900268554688
2026-03-30 18:00:00,22853.5390625,100.50900268554688
2026-03-30 20:00:00,22951.6953125,100.51000213623047
2026-03-31 14:00:00,23382.6171875,100.18099975585938
2026-03-31 14:00:00,23312.390625,100.18099975585938
2026-03-31 16:00:00,23368.87109375,100.00399780273438
2026-03-31 16:00:00,23618.97265625,100.00399780273438
2026-03-31 18:00:00,23644.380859375,99.96099853515625
2026-03-31 18:00:00,23699.90234375,99.96099853515625
2026-03-31 20:00:00,23741.6796875,99.88500213623047
2026-04-01 14:00:00,24003.34765625,99.33499908447266
2026-04-01 14:00:00,24066.029296875,99.33499908447266
2026-04-01 16:00:00,24118.951171875,99.34200286865234
2026-04-01 16:00:00,24146.453125,99.34200286865234
2026-04-01 18:00:00,23967.251953125,99.6510009765625
2026-04-01 18:00:00,24051.935546875,99.6510009765625
2026-04-01 20:00:00,24020.990234375,99.56400299072266
2026-04-02 14:00:00,23771.404296875,99.91699981689453
2026-04-02 14:00:00,24003.228515625,99.91699981689453
2026-04-02 16:00:00,23911.66796875,99.98400115966797
2026-04-02 16:00:00,23987.533203125,99.98400115966797
2026-04-02 18:00:00,23932.119140625,100.02799987792969
2026-04-02 18:00:00,23971.87890625,100.02799987792969
2026-04-02 20:00:00,24044.603515625,100.01599884033203
2026-04-06 14:00:00,24194.10546875,99.97599792480469
2026-04-06 14:00:00,24116.04296875,99.97599792480469
2026-04-06 16:00:00,24144.326171875,99.97799682617188
2026-04-06 16:00:00,24136.423828125,99.97799682617188
2026-04-06 18:00:00,24170.330078125,99.98100280761719
2026-04-06 18:00:00,24166.552734375,99.98100280761719
2026-04-06 20:00:00,24189.2109375,99.99800109863281
2026-04-07 14:00:00,23940.986328125,99.9020004272461
2026-04-07 14:00:00,23899.615234375,99.9020004272461
2026-04-07 16:00:00,24026.1484375,99.88500213623047
2026-04-07 16:00:00,24017.990234375,99.88500213623047
2026-04-07 18:00:00,24025.919921875,99.85800170898438
2026-04-07 18:00:00,24051.033203125,99.85800170898438
2026-04-07 20:00:00,24207.07421875,99.66500091552734
2026-04-08 14:00:00,24876.31640625,98.77100372314453
2026-04-08 14:00:00,24836.49609375,98.77100372314453
2026-04-08 16:00:00,24920.587890625,98.88099670410156
2026-04-08 16:00:00,24905.408203125,98.88099670410156
2026-04-08 18:00:00,24878.73046875,99.13300323486328
2026-04-08 18:00:00,24786.15625,99.13300323486328
2026-04-08 20:00:00,24905.048828125,99.03800201416016
2026-04-09 14:00:00,24800.673828125,98.94599914550781
2026-04-09 14:00:00,24887.625,98.94599914550781
2026-04-09 16:00:00,25043.88671875,98.71499633789062
2026-04-09 16:00:00,25049.419921875,98.71499633789062
2026-04-09 18:00:00,24991.75390625,98.81900024414062
2026-04-09 18:00:00,25049.986328125,98.81900024414062
2026-04-09 20:00:00,25077.83984375,98.80799865722656
2026-04-10 14:00:00,25176.673828125,98.65299987792969
2026-04-10 14:00:00,25182.044921875,98.65299987792969
2026-04-10 16:00:00,25111.091796875,98.72000122070312
2026-04-10 16:00:00,25070.6484375,98.72000122070312
2026-04-10 18:00:00,25101.21484375,98.6500015258789
2026-04-10 18:00:00,25129.462890625,98.6500015258789
2026-04-10 20:00:00,25121.208984375,98.69999694824219
2026-04-13 14:00:00,25130.53515625,98.74299621582031
2026-04-13 14:00:00,25150.8515625,98.74299621582031
2026-04-13 16:00:00,25222.958984375,98.60199737548828
2026-04-13 16:00:00,25264.71484375,98.60199737548828
2026-04-13 18:00:00,25236.61328125,98.36599731445312
2026-04-13 18:00:00,25295.140625,98.36599731445312
2026-04-13 20:00:00,25381.818359375,98.41500091552734
2026-04-14 14:00:00,25644.0078125,97.98999786376953
2026-04-14 14:00:00,25671.853515625,97.98999786376953
2026-04-14 16:00:00,25763.771484375,98.10800170898438
2026-04-14 16:00:00,25779.083984375,98.10800170898438
2026-04-14 18:00:00,25743.166015625,98.1240005493164
2026-04-14 18:00:00,25823.13671875,98.1240005493164
2026-04-14 20:00:00,25837.88671875,98.0999984741211
2026-04-15 14:00:00,25967.841796875,98.09200286865234
2026-04-15 14:00:00,26029.09765625,98.09200286865234
2026-04-15 16:00:00,26049.423828125,98.04900360107422
2026-04-15 16:00:00,26023.794921875,98.04900360107422
2026-04-15 18:00:00,26082.482421875,98.05500030517578
2026-04-15 18:00:00,26170.587890625,98.05500030517578
2026-04-15 20:00:00,26198.59765625,98.08200073242188
2026-04-16 14:00:00,26194.71484375,98.26899719238281
2026-04-16 14:00:00,26305.974609375,98.26899719238281
2026-04-16 16:00:00,26355.4453125,98.24400329589844
2026-04-16 16:00:00,26315.74609375,98.24400329589844
2026-04-16 18:00:00,26207.923828125,98.21499633789062
2026-04-16 18:00:00,26281.83984375,98.21499633789062
2026-04-16 20:00:00,26324.201171875,98.2030029296875
2026-04-17 14:00:00,26580.89453125,97.8239974975586
2026-04-17 14:00:00,26681.62109375,97.8239974975586
2026-04-17 16:00:00,26693.166015625,97.93800354003906
2026-04-17 16:00:00,26615.95703125,97.93800354003906
2026-04-17 18:00:00,26623.951171875,98.0979995727539
2026-04-17 18:00:00,26618.767578125,98.0979995727539
2026-04-17 20:00:00,26668.970703125,98.22200012207031
2026-04-20 14:00:00,26568.552734375,98.14900207519531
2026-04-20 14:00:00,26549.173828125,98.14900207519531
2026-04-20 16:00:00,26519.0625,98.04399871826172
2026-04-20 16:00:00,26541.251953125,98.04399871826172
2026-04-20 18:00:00,26578.07421875,98.09700012207031
2026-04-20 18:00:00,26571.3984375,98.09700012207031
2026-04-20 20:00:00,26593.404296875,98.0510025024414
2026-04-21 14:00:00,26684.962890625,98.30999755859375
2026-04-21 14:00:00,26569.21484375,98.30999755859375
2026-04-21 16:00:00,26549.794921875,98.40299987792969
2026-04-21 16:00:00,26478.421875,98.40299987792969
2026-04-21 18:00:00,26523.18359375,98.39399719238281
2026-04-21 18:00:00,26622.28515625,98.39399719238281
2026-04-21 20:00:00,26480.416015625,98.38300323486328
2026-04-22 14:00:00,26829.685546875,98.5250015258789
2026-04-22 14:00:00,26838.84765625,98.5250015258789
2026-04-22 16:00:00,26820.85546875,98.56600189208984
2026-04-22 16:00:00,26872.751953125,98.56600189208984
2026-04-22 18:00:00,26848.49609375,98.58999633789062
2026-04-22 18:00:00,26892.228515625,98.58999633789062
2026-04-22 20:00:00,26935.49609375,98.61499786376953
2026-04-23 14:00:00,26862.373046875,98.572998046875
2026-04-23 14:00:00,26981.515625,98.572998046875
2026-04-23 16:00:00,26938.177734375,98.65899658203125
2026-04-23 16:00:00,26725.767578125,98.65899658203125
2026-04-23 18:00:00,26790.388671875,98.7699966430664
2026-04-23 18:00:00,26766.650390625,98.7699966430664
2026-04-23 20:00:00,26781.9921875,98.82599639892578
2026-04-24 14:00:00,27058.982421875,98.64700317382812
2026-04-24 14:00:00,27183.201171875,98.64700317382812
2026-04-24 16:00:00,27254.095703125,98.5270004272461
2026-04-24 16:00:00,27242.83203125,98.5270004272461
2026-04-24 18:00:00,27246.30859375,98.53299713134766
2026-04-24 18:00:00,27284.52734375,98.53299713134766
2026-04-24 20:00:00,27298.95703125,98.51000213623047
2026-04-27 14:00:00,27223.68359375,98.35299682617188
2026-04-27 14:00:00,27205.83984375,98.35299682617188
2026-04-27 16:00:00,27238.587890625,98.44499969482422
2026-04-27 16:00:00,27276.40625,98.44499969482422
2026-04-27 18:00:00,27292.01171875,98.49600219726562
2026-04-27 18:00:00,27283.5625,98.49600219726562
2026-04-27 20:00:00,27302.69140625,98.48400115966797
2026-04-28 14:00:00,27031.912109375,98.73300170898438
2026-04-28 14:00:00,26915.14453125,98.73300170898438
2026-04-28 16:00:00,26936.109375,98.64199829101562
2026-04-28 16:00:00,26951.8984375,98.64199829101562
2026-04-28 18:00:00,27043.57421875,98.63999938964844
2026-04-28 18:00:00,27051.8125,98.63999938964844
2026-04-28 20:00:00,27029.74609375,98.63300323486328
2026-04-29 14:00:00,27135.021484375,98.75
2026-04-29 14:00:00,27147.2265625,98.75
2026-04-29 16:00:00,27066.072265625,98.8759994506836
2026-04-29 16:00:00,27077.740234375,98.8759994506836
2026-04-29 18:00:00,27076.6015625,98.96099853515625
2026-04-29 18:00:00,27178.01953125,98.96099853515625
2026-04-29 20:00:00,27188.96875,98.9489974975586
2026-04-30 14:00:00,27093.2421875,98.16400146484375
2026-04-30 14:00:00,27273.552734375,98.16400146484375
2026-04-30 16:00:00,27282.109375,98.17400360107422
2026-04-30 16:00:00,27327.7421875,98.17400360107422
2026-04-30 18:00:00,27429.3046875,98.05599975585938
2026-04-30 18:00:00,27456.845703125,98.05599975585938
2026-04-30 20:00:00,27452.439453125,98.0979995727539
2026-05-01 14:00:00,27744.443359375,97.86299896240234
2026-05-01 14:00:00,27737.486328125,97.86299896240234
2026-05-01 16:00:00,27708.201171875,98.08000183105469
2026-05-01 16:00:00,27759.732421875,98.08000183105469
2026-05-01 18:00:00,27733.990234375,98.15599822998047
2026-05-01 18:00:00,27772.865234375,98.15599822998047
2026-05-01 20:00:00,27709.046875,98.21099853515625
2026-05-04 14:00:00,27750.13671875,98.32099914550781
2026-05-04 14:00:00,27650.03125,98.32099914550781
2026-05-04 16:00:00,27596.578125,98.5270004272461
2026-05-04 16:00:00,27676.646484375,98.5270004272461
2026-05-04 18:00:00,27653.970703125,98.3740005493164
2026-05-04 18:00:00,27659.775390625,98.3740005493164
2026-05-04 20:00:00,27654.947265625,98.47200012207031
2026-05-05 14:00:00,28006.205078125,98.375
2026-05-05 14:00:00,28007.1796875,98.375
2026-05-05 16:00:00,27994.98828125,98.43800354003906
2026-05-05 16:00:00,28025.455078125,98.43800354003906
2026-05-05 18:00:00,28056.796875,98.44400024414062
2026-05-05 18:00:00,28045.833984375,98.44400024414062
2026-05-05 20:00:00,28014.861328125,98.49299621582031
2026-05-06 14:00:00,28298.271484375,97.95700073242188
2026-05-06 14:00:00,28458.203125,97.95700073242188
2026-05-06 16:00:00,28456.5078125,98.06500244140625
2026-05-06 16:00:00,28464.447265625,98.06500244140625
2026-05-06 18:00:00,28514.328125,98.02300262451172
2026-05-06 18:00:00,28572.09375,98.02300262451172
2026-05-06 20:00:00,28596.345703125,98.02799987792969
2026-05-07 14:00:00,28767.533203125,97.8270034790039
2026-05-07 14:00:00,28734.44140625,97.8270034790039
2026-05-07 16:00:00,28622.625,97.98500061035156
2026-05-07 16:00:00,28488.287109375,97.98500061035156
2026-05-07 18:00:00,28534.380859375,98.06700134277344
2026-05-07 18:00:00,28489.513671875,98.06700134277344
2026-05-07 20:00:00,28558.40234375,98.27400207519531
2026-05-08 14:00:00,28990.22265625,97.91600036621094
2026-05-08 14:00:00,29065.583984375,97.91600036621094
2026-05-08 16:00:00,29128.044921875,97.9489974975586
2026-05-08 16:00:00,29195.5,97.9489974975586
2026-05-08 18:00:00,29174.052734375,97.9000015258789
2026-05-08 18:00:00,29146.501953125,97.9000015258789
2026-05-08 20:00:00,29227.798828125,97.84300231933594
2026-05-11 14:00:00,29170.576171875,97.8949966430664
2026-05-11 14:00:00,29317.259765625,97.8949966430664
2026-05-11 16:00:00,29357.19921875,97.93900299072266
2026-05-11 16:00:00,29330.326171875,97.93900299072266
2026-05-11 18:00:00,29363.841796875,97.95500183105469
2026-05-11 18:00:00,29266.869140625,97.95500183105469
2026-05-11 20:00:00,29318.7734375,97.93599700927734
2026-05-12 14:00:00,28978.166015625,98.33799743652344
2026-05-12 14:00:00,28767.064453125,98.33799743652344
2026-05-12 16:00:00,28727.9609375,98.40499877929688
2026-05-12 16:00:00,28782.08203125,98.40499877929688
2026-05-12 18:00:00,28883.701171875,98.2979965209961
2026-05-12 18:00:00,28938.1015625,98.2979965209961
2026-05-12 20:00:00,29065.384765625,98.29100036621094
2026-05-13 14:00:00,29129.39453125,98.51799774169922
2026-05-13 14:00:00,29208.05859375,98.51799774169922
2026-05-13 16:00:00,29332.091796875,98.51100158691406
2026-05-13 16:00:00,29378.87109375,98.51100158691406
2026-05-13 18:00:00,29438.853515625,98.52400207519531
2026-05-13 18:00:00,29413.353515625,98.52400207519531
2026-05-13 20:00:00,29367.99609375,98.48200225830078
2026-05-14 14:00:00,29515.0,98.73799896240234
2026-05-14 14:00:00,29655.943359375,98.73799896240234
2026-05-14 16:00:00,29623.291015625,98.78399658203125
2026-05-14 16:00:00,29540.41015625,98.78399658203125
2026-05-14 18:00:00,29571.86328125,98.81900024414062
2026-05-14 18:00:00,29592.09765625,98.81900024414062
2026-05-14 20:00:00,29580.576171875,98.87699890136719
2026-05-15 14:00:00,29188.1484375,99.21299743652344
2026-05-15 14:00:00,29231.45703125,99.21299743652344
2026-05-15 16:00:00,29228.64453125,99.21800231933594
2026-05-15 16:00:00,29322.41015625,99.21800231933594
2026-05-15 18:00:00,29288.703125,99.28399658203125
2026-05-15 18:00:00,29191.37890625,99.28399658203125
2026-05-15 20:00:00,29122.2109375,99.2699966430664
2026-05-18 14:00:00,29044.068359375,99.0999984741211
2026-05-18 14:00:00,28862.337890625,99.0999984741211
2026-05-18 16:00:00,28778.806640625,99.0270004272461
2026-05-18 16:00:00,28911.84375,99.0270004272461
2026-05-18 18:00:00,28791.875,99.19300079345703
2026-05-18 18:00:00,28823.544921875,99.19300079345703
2026-05-18 20:00:00,28994.21875,98.98300170898438
2026-05-19 14:00:00,28610.64453125,99.39900207519531
2026-05-19 14:00:00,28678.322265625,99.39900207519531
2026-05-19 16:00:00,28816.791015625,99.28299713134766
2026-05-19 16:00:00,28991.388671875,99.28299713134766
2026-05-19 18:00:00,28930.33984375,99.3270034790039
2026-05-19 18:00:00,28881.49609375,99.3270034790039
2026-05-19 20:00:00,28822.53125,99.31500244140625
2026-05-20 14:00:00,29107.115234375,99.16500091552734
2026-05-20 14:00:00,29199.08984375,99.16500091552734
2026-05-20 16:00:00,29145.416015625,99.11900329589844
2026-05-20 16:00:00,29203.90625,99.11900329589844
2026-05-20 18:00:00,29213.611328125,99.09200286865234
2026-05-20 18:00:00,29250.2265625,99.09200286865234
2026-05-20 20:00:00,29297.8515625,99.13600158691406
2026-05-21 14:00:00,29100.15234375,99.38800048828125
2026-05-21 14:00:00,29154.93359375,99.38800048828125
2026-05-21 16:00:00,29160.923828125,99.37200164794922
2026-05-21 16:00:00,29324.5390625,99.37200164794922
2026-05-21 18:00:00,29371.494140625,99.25700378417969
2026-05-21 18:00:00,29337.38671875,99.25700378417969
2026-05-21 20:00:00,29360.0390625,99.2040023803711
2026-05-22 14:00:00,29488.796875,99.34300231933594
2026-05-22 14:00:00,29629.193359375,99.34300231933594
2026-05-22 16:00:00,29590.158203125,99.2490005493164
2026-05-22 16:00:00,29654.296875,99.2490005493164
2026-05-22 18:00:00,29589.28515625,99.23899841308594
2026-05-22 18:00:00,29475.716796875,99.23899841308594
2026-05-22 20:00:00,29477.158203125,99.31900024414062
2026-05-26 14:00:00,29993.83984375,99.17900085449219
2026-05-26 14:00:00,29925.77734375,99.17900085449219
2026-05-26 16:00:00,29916.943359375,99.19599914550781
2026-05-26 16:00:00,29895.8203125,99.19599914550781
2026-05-26 18:00:00,29972.359375,99.16899871826172
2026-05-26 18:00:00,29980.208984375,99.16899871826172
2026-05-26 20:00:00,29998.822265625,99.1449966430664
2026-05-27 14:00:00,29840.072265625,99.24199676513672
2026-05-27 14:00:00,29874.0546875,99.24199676513672
2026-05-27 16:00:00,29921.849609375,99.18099975585938
2026-05-27 16:00:00,29885.2421875,99.18099975585938
2026-05-27 18:00:00,29981.353515625,99.20600128173828
2026-05-27 18:00:00,29952.01171875,99.20600128173828
2026-05-27 20:00:00,29974.7265625,99.23100280761719
2026-05-28 14:00:00,30072.625,99.06099700927734
2026-05-28 14:00:00,30188.990234375,99.06099700927734
2026-05-28 16:00:00,30227.021484375,98.96199798583984
2026-05-28 16:00:00,30221.884765625,98.96199798583984
2026-05-28 18:00:00,30240.072265625,99.0199966430664
2026-05-28 18:00:00,30222.87890625,99.0199966430664
2026-05-28 20:00:00,30223.73828125,99.00499725341797
2026-05-29 14:00:00,30341.48828125,98.85199737548828
2026-05-29 14:00:00,30348.595703125,98.85199737548828
2026-05-29 16:00:00,30339.9609375,98.85399627685547
2026-05-29 16:00:00,30308.896484375,98.85399627685547
2026-05-29 18:00:00,30315.11328125,98.90799713134766
2026-05-29 18:00:00,30315.072265625,98.90799713134766
2026-05-29 20:00:00,30336.556640625,98.94200134277344
2026-06-01 14:00:00,30328.11328125,99.30000305175781
2026-06-01 14:00:00,30429.369140625,99.30000305175781
2026-06-01 16:00:00,30455.494140625,99.18399810791016
2026-06-01 16:00:00,30539.3671875,99.18399810791016
2026-06-01 18:00:00,30591.541015625,99.20099639892578
2026-06-01 18:00:00,30567.259765625,99.20099639892578
2026-06-01 20:00:00,30514.646484375,99.19599914550781
2026-06-02 14:00:00,30513.146484375,99.12699890136719
2026-06-02 14:00:00,30616.009765625,99.12699890136719
2026-06-02 16:00:00,30607.625,99.22200012207031
2026-06-02 16:00:00,30589.943359375,99.22200012207031
2026-06-02 18:00:00,30590.376953125,99.21900177001953
2026-06-02 18:00:00,30611.73046875,99.21900177001953
2026-06-02 20:00:00,30664.037109375,99.21299743652344
2026-06-03 14:00:00,30674.248046875,99.40599822998047
2026-06-03 14:00:00,30611.603515625,99.40599822998047
2026-06-03 16:00:00,30499.6875,99.50800323486328
2026-06-03 16:00:00,30525.857421875,99.50800323486328
2026-06-03 18:00:00,30626.466796875,99.52899932861328
2026-06-03 18:00:00,30581.5,99.52899932861328
2026-06-03 20:00:00,30580.693359375,99.53800201416016
2026-06-04 14:00:00,30281.419921875,99.3010025024414
2026-06-04 14:00:00,30381.4765625,99.3010025024414
2026-06-04 16:00:00,30421.76171875,99.3479995727539
2026-06-04 16:00:00,30453.6328125,99.3479995727539
2026-06-04 18:00:00,30529.41015625,99.41300201416016
2026-06-04 18:00:00,30530.234375,99.41300201416016
2026-06-04 20:00:00,30411.85546875,99.44599914550781
2026-06-05 14:00:00,29770.287109375,99.80500030517578
2026-06-05 14:00:00,29667.220703125,99.80500030517578
2026-06-05 16:00:00,29486.4140625,99.99700164794922
2026-06-05 16:00:00,29391.05078125,99.99700164794922
2026-06-05 18:00:00,29193.24609375,100.06900024414062
2026-06-05 18:00:00,29109.8125,100.06900024414062
2026-06-05 20:00:00,28962.9453125,100.07099914550781
2026-06-08 14:00:00,29469.60546875,99.93199920654297
2026-06-08 14:00:00,29584.501953125,99.93199920654297
2026-06-08 16:00:00,29542.630859375,99.96900177001953
2026-06-08 16:00:00,29558.732421875,99.96900177001953
2026-06-08 18:00:00,29547.193359375,100.04499816894531
2026-06-08 18:00:00,29388.34765625,100.04499816894531
2026-06-08 20:00:00,29411.291015625,100.01300048828125
2026-06-09 14:00:00,29401.2578125,99.81700134277344
2026-06-09 14:00:00,28819.78125,99.81700134277344
2026-06-09 16:00:00,28483.263671875,99.98899841308594
2026-06-09 16:00:00,28709.58203125,99.98899841308594
2026-06-09 18:00:00,28933.09765625,99.90899658203125
2026-06-09 18:00:00,28906.87890625,99.90899658203125
2026-06-09 20:00:00,29083.69140625,99.95500183105469
2026-06-10 14:00:00,29139.31640625,99.89199829101562
2026-06-10 14:00:00,28760.951171875,99.89199829101562
2026-06-10 16:00:00,28703.416015625,99.89700317382812
2026-06-10 16:00:00,28645.54296875,99.89700317382812
2026-06-10 18:00:00,28677.931640625,99.9469985961914
2026-06-10 18:00:00,28514.45703125,99.9469985961914
2026-06-10 20:00:00,28506.0859375,100.04499816894531
2026-06-11 14:00:00,28835.203125,100.2249984741211
2026-06-11 14:00:00,28734.69921875,100.2249984741211
2026-06-11 16:00:00,28809.998046875,100.26799774169922
2026-06-11 16:00:00,29034.966796875,100.26799774169922
2026-06-11 18:00:00,29149.330078125,99.85800170898438
2026-06-11 18:00:00,29387.84765625,99.85800170898438
2026-06-11 20:00:00,29442.734375,99.69499969482422
2026-06-12 14:00:00,29499.794921875,99.74500274658203
2026-06-12 14:00:00,29719.544921875,99.74500274658203
2026-06-12 16:00:00,29574.052734375,99.73899841308594
2026-06-12 16:00:00,29702.748046875,99.73899841308594
2026-06-12 18:00:00,29641.69921875,99.74700164794922
2026-06-12 18:00:00,29632.958984375,99.74700164794922
2026-06-12 20:00:00,29637.548828125,99.80699920654297
